Date,Daily Open,Daily High,Daily Low,Daily Close,Volume
2018-01-12 00:00:00-05:00,348.75,350.0,345.5,346.25,216386
2018-01-16 00:00:00-05:00,347.25,349.25,346.0,348.25,179429
2018-01-17 00:00:00-05:00,348.5,353.25,348.25,353.0,236713
2018-01-18 00:00:00-05:00,352.5,354.0,350.5,351.5,186650
2018-01-19 00:00:00-05:00,351.5,354.0,351.25,352.5,145953
2018-01-22 00:00:00-05:00,353.5,354.5,351.25,352.0,177588
2018-01-23 00:00:00-05:00,351.75,352.0,349.5,351.25,204570
2018-01-24 00:00:00-05:00,351.25,357.0,349.75,356.5,326298
2018-01-25 00:00:00-05:00,356.0,358.0,354.5,355.25,223613
2018-01-26 00:00:00-05:00,355.0,357.0,354.5,356.5,140790
2018-01-29 00:00:00-05:00,356.75,359.25,356.75,358.75,179933
2018-01-30 00:00:00-05:00,359.5,362.25,359.0,361.5,223192
2018-01-31 00:00:00-05:00,361.5,362.0,359.5,361.5,180487
2018-02-01 00:00:00-05:00,360.75,362.0,358.5,361.75,254881
2018-02-02 00:00:00-05:00,361.0,362.5,359.5,361.5,198988
2018-02-05 00:00:00-05:00,359.5,360.75,357.25,358.75,260346
2018-02-06 00:00:00-05:00,358.75,364.0,356.25,363.5,236192
2018-02-07 00:00:00-05:00,363.75,365.75,362.5,365.25,478330
2018-02-08 00:00:00-05:00,365.0,367.75,364.5,365.75,341483
2018-02-09 00:00:00-05:00,364.75,365.5,361.5,362.0,254699
2018-02-12 00:00:00-05:00,365.0,367.0,364.25,367.0,264077
2018-02-13 00:00:00-05:00,366.5,368.5,366.0,366.75,257669
2018-02-14 00:00:00-05:00,366.5,368.5,364.75,367.25,173640
2018-02-15 00:00:00-05:00,367.0,368.75,365.5,367.75,193482
2018-02-16 00:00:00-05:00,368.0,368.5,366.5,367.5,185255
2018-02-20 00:00:00-05:00,369.0,370.0,365.25,365.5,319315
2018-02-21 00:00:00-05:00,365.75,368.5,364.25,365.75,266655
2018-02-22 00:00:00-05:00,365.5,367.0,364.25,366.75,229122
2018-02-23 00:00:00-05:00,366.25,367.75,365.25,366.25,229122
2018-02-26 00:00:00-05:00,366.5,370.0,366.5,368.5,318905
2018-02-27 00:00:00-05:00,368.25,371.0,367.75,370.5,240115
2018-02-28 00:00:00-05:00,370.5,376.75,369.75,374.5,20800
2018-03-01 00:00:00-05:00,374.0,379.0,372.0,378.75,8646
2018-03-02 00:00:00-05:00,377.75,380.25,376.0,377.25,5918
2018-03-05 00:00:00-05:00,376.25,378.5,374.75,378.25,8183
2018-03-06 00:00:00-05:00,377.75,380.25,377.25,379.75,2299
2018-03-07 00:00:00-05:00,378.75,380.75,378.5,379.25,4263
2018-03-08 00:00:00-05:00,378.5,385.75,378.0,385.75,2385
2018-03-09 00:00:00-05:00,385.0,385.25,382.5,383.0,2981
2018-03-12 00:00:00-04:00,382.75,384.25,380.5,384.25,1455
2018-03-13 00:00:00-04:00,383.75,388.75,383.5,385.5,2044
2018-03-14 00:00:00-04:00,386.5,386.5,383.5,383.5,184323
2018-03-15 00:00:00-04:00,388.25,390.75,385.5,386.75,182448
2018-03-16 00:00:00-04:00,386.25,387.5,382.5,382.75,150929
2018-03-19 00:00:00-04:00,382.0,382.0,374.75,375.0,245783
2018-03-20 00:00:00-04:00,375.25,377.0,373.25,374.5,204617
2018-03-21 00:00:00-04:00,375.0,375.75,373.75,375.0,149269
2018-03-22 00:00:00-04:00,375.5,377.5,374.0,376.0,161683
2018-03-23 00:00:00-04:00,376.25,378.25,369.25,377.25,279202
2018-03-26 00:00:00-04:00,378.5,380.75,373.5,374.0,183534
2018-03-27 00:00:00-04:00,374.0,376.0,372.25,374.0,134332
2018-03-28 00:00:00-04:00,374.25,375.0,372.0,373.5,173538
2018-03-29 00:00:00-04:00,373.75,389.25,373.75,387.75,377913
2018-04-02 00:00:00-04:00,389.25,392.5,387.0,387.25,207532
2018-04-03 00:00:00-04:00,387.0,392.0,386.75,388.5,211498
2018-04-04 00:00:00-04:00,388.0,389.0,372.0,381.0,367003
2018-04-05 00:00:00-04:00,382.0,389.5,380.75,389.5,263910
2018-04-06 00:00:00-04:00,382.0,390.0,382.0,388.5,309023
2018-04-09 00:00:00-04:00,389.75,392.5,388.75,390.75,215394
2018-04-10 00:00:00-04:00,390.0,392.25,388.5,389.25,272796
2018-04-11 00:00:00-04:00,389.25,390.5,385.75,387.0,158051
2018-04-12 00:00:00-04:00,386.5,389.25,385.0,388.75,201798
2018-04-13 00:00:00-04:00,388.5,389.25,385.0,386.25,233785
2018-04-16 00:00:00-04:00,385.0,386.25,382.0,382.5,175612
2018-04-17 00:00:00-04:00,383.0,384.5,379.75,380.25,239865
2018-04-18 00:00:00-04:00,380.75,383.5,380.0,383.0,142846
2018-04-19 00:00:00-04:00,382.75,383.5,380.75,382.0,113015
2018-04-20 00:00:00-04:00,381.25,381.75,376.25,376.5,156689
2018-04-23 00:00:00-04:00,376.5,379.25,376.25,378.5,151348
2018-04-24 00:00:00-04:00,378.5,381.5,377.0,381.25,115021
2018-04-25 00:00:00-04:00,381.0,387.25,380.5,386.5,148787
2018-04-26 00:00:00-04:00,386.0,387.0,384.0,386.0,132000
2018-04-27 00:00:00-04:00,385.25,390.5,385.25,389.5,165578
2018-04-30 00:00:00-04:00,390.75,395.75,390.5,392.5,19335
2018-05-01 00:00:00-04:00,393.0,397.0,391.5,396.75,7499
2018-05-02 00:00:00-04:00,396.25,397.25,395.0,396.0,3180
2018-05-03 00:00:00-04:00,396.0,399.5,395.0,399.5,1317
2018-05-04 00:00:00-04:00,399.5,400.0,397.5,398.75,2089
2018-05-07 00:00:00-04:00,397.25,397.25,393.25,393.25,1964
2018-05-08 00:00:00-04:00,392.75,396.0,391.25,395.5,2020
2018-05-09 00:00:00-04:00,396.25,397.0,394.0,394.75,911
2018-05-10 00:00:00-04:00,395.5,399.75,393.25,394.75,604
2018-05-11 00:00:00-04:00,394.0,394.75,389.75,389.75,497
2018-05-14 00:00:00-04:00,388.5,389.0,387.5,389.0,132488
2018-05-15 00:00:00-04:00,396.25,402.5,396.0,402.25,190991
2018-05-16 00:00:00-04:00,401.75,404.75,398.0,399.25,171919
2018-05-17 00:00:00-04:00,399.0,402.0,395.0,395.25,147539
2018-05-18 00:00:00-04:00,395.25,403.5,395.0,402.5,181910
2018-05-21 00:00:00-04:00,405.5,407.5,401.25,402.75,181093
2018-05-22 00:00:00-04:00,402.25,407.0,401.0,404.75,166303
2018-05-23 00:00:00-04:00,404.5,409.0,403.0,408.5,163375
2018-05-24 00:00:00-04:00,408.25,412.25,403.75,404.25,236840
2018-05-25 00:00:00-04:00,404.0,406.75,403.25,406.0,129412
2018-05-29 00:00:00-04:00,408.75,410.0,397.5,400.0,242706
2018-05-30 00:00:00-04:00,398.25,398.5,390.75,393.5,292996
2018-05-31 00:00:00-04:00,393.5,398.5,393.25,394.0,195810
2018-06-01 00:00:00-04:00,393.75,397.0,390.75,391.5,172116
2018-06-04 00:00:00-04:00,389.75,389.75,380.5,380.75,266554
2018-06-05 00:00:00-04:00,380.75,385.25,380.0,383.75,212436
2018-06-06 00:00:00-04:00,384.25,386.5,378.0,378.25,227304
2018-06-07 00:00:00-04:00,379.0,382.0,374.25,376.25,300589
2018-06-08 00:00:00-04:00,376.25,379.0,373.5,377.75,177413
2018-06-11 00:00:00-04:00,376.5,379.0,366.75,367.25,294907
2018-06-12 00:00:00-04:00,368.0,379.5,367.25,377.5,310105
2018-06-13 00:00:00-04:00,377.5,379.75,373.25,376.0,227652
2018-06-14 00:00:00-04:00,374.0,374.75,362.5,363.0,357600
2018-06-15 00:00:00-04:00,374.0,374.75,355.25,361.25,297484
2018-06-18 00:00:00-04:00,359.5,362.0,354.0,356.0,177747
2018-06-19 00:00:00-04:00,355.75,357.75,338.75,353.75,334335
2018-06-20 00:00:00-04:00,354.0,357.0,347.5,354.25,200174
2018-06-21 00:00:00-04:00,354.25,359.0,349.25,357.0,168570
2018-06-22 00:00:00-04:00,358.0,359.75,355.0,357.25,141682
2018-06-25 00:00:00-04:00,358.5,359.5,349.25,350.5,203156
2018-06-26 00:00:00-04:00,350.5,355.5,348.0,352.5,227152
2018-06-27 00:00:00-04:00,352.0,356.5,351.5,352.5,163319
2018-06-28 00:00:00-04:00,351.5,352.5,344.5,345.0,143973
2018-06-29 00:00:00-04:00,345.75,355.5,345.5,350.25,19392
2018-07-02 00:00:00-04:00,352.25,352.25,337.0,337.5,7669
2018-07-03 00:00:00-04:00,340.25,345.25,339.25,342.75,0
2018-07-05 00:00:00-04:00,345.5,348.75,342.25,343.5,3302
2018-07-06 00:00:00-04:00,342.0,352.25,342.0,351.75,3068
2018-07-09 00:00:00-04:00,346.0,348.5,343.25,345.75,3259
2018-07-10 00:00:00-04:00,344.25,344.75,336.25,339.75,2735
2018-07-11 00:00:00-04:00,336.0,337.0,331.25,331.25,1533
2018-07-12 00:00:00-04:00,332.25,340.75,329.75,336.5,533
2018-07-13 00:00:00-04:00,332.25,332.5,330.25,330.25,109316
2018-07-16 00:00:00-04:00,340.0,345.75,338.75,341.75,95293
2018-07-17 00:00:00-04:00,345.0,348.75,344.25,346.25,100115
2018-07-18 00:00:00-04:00,346.25,349.0,346.0,347.25,81867
2018-07-19 00:00:00-04:00,347.0,352.0,345.0,351.25,81407
2018-07-20 00:00:00-04:00,351.25,355.75,349.75,355.25,69609
2018-07-23 00:00:00-04:00,356.0,358.5,354.5,357.25,75399
2018-07-24 00:00:00-04:00,355.25,356.5,351.5,352.0,105606
2018-07-25 00:00:00-04:00,352.25,360.0,352.0,359.25,121593
2018-07-26 00:00:00-04:00,361.0,365.75,360.25,361.5,146376
2018-07-27 00:00:00-04:00,361.0,363.75,359.5,362.0,133494
2018-07-30 00:00:00-04:00,364.0,369.25,363.5,367.25,127462
2018-07-31 00:00:00-04:00,367.0,374.25,366.25,372.25,141808
2018-08-01 00:00:00-04:00,372.0,373.0,364.0,365.0,120054
2018-08-02 00:00:00-04:00,365.0,372.75,364.75,366.75,161081
2018-08-03 00:00:00-04:00,366.75,371.25,364.75,369.75,77985
2018-08-06 00:00:00-04:00,370.0,371.75,368.25,371.0,80946
2018-08-07 00:00:00-04:00,371.0,373.25,368.75,370.75,167092
2018-08-08 00:00:00-04:00,370.5,373.75,370.0,371.25,123366
2018-08-09 00:00:00-04:00,371.0,372.75,366.5,369.25,148239
2018-08-10 00:00:00-04:00,368.5,369.75,357.0,357.75,182404
2018-08-13 00:00:00-04:00,357.5,358.0,352.25,356.5,178694
2018-08-14 00:00:00-04:00,356.5,363.0,356.5,362.25,101207
2018-08-15 00:00:00-04:00,362.25,363.5,359.0,361.5,102535
2018-08-16 00:00:00-04:00,361.5,367.5,360.5,365.25,79361
2018-08-17 00:00:00-04:00,365.0,367.75,361.75,364.25,82450
2018-08-20 00:00:00-04:00,365.25,366.0,359.5,362.0,88310
2018-08-21 00:00:00-04:00,362.75,363.75,358.5,359.75,98587
2018-08-22 00:00:00-04:00,359.25,359.25,352.25,352.5,102514
2018-08-23 00:00:00-04:00,353.0,355.0,346.25,346.75,144613
2018-08-24 00:00:00-04:00,346.5,350.0,346.25,348.5,124751
2018-08-27 00:00:00-04:00,348.5,348.75,343.0,346.75,139285
2018-08-28 00:00:00-04:00,345.75,347.75,340.75,341.0,143197
2018-08-29 00:00:00-04:00,341.0,344.0,340.25,341.25,113195
2018-08-30 00:00:00-04:00,341.5,344.0,340.5,341.0,122613
2018-08-31 00:00:00-04:00,341.0,352.0,340.75,351.0,0
2018-09-04 00:00:00-04:00,351.5,355.25,347.25,354.5,4870
2018-09-05 00:00:00-04:00,356.0,356.0,351.0,351.75,3514
2018-09-06 00:00:00-04:00,353.5,354.5,350.75,353.5,2161
2018-09-07 00:00:00-04:00,352.75,355.75,351.0,354.25,692
2018-09-10 00:00:00-04:00,353.25,356.0,353.0,355.5,1263
2018-09-11 00:00:00-04:00,357.25,357.25,354.75,355.25,287
2018-09-12 00:00:00-04:00,354.25,354.5,340.5,341.5,407
2018-09-13 00:00:00-04:00,344.5,344.5,336.25,336.25,131
2018-09-14 00:00:00-04:00,338.5,338.75,337.0,337.0,138241
2018-09-17 00:00:00-04:00,351.0,351.75,347.75,348.0,145271
2018-09-18 00:00:00-04:00,348.0,348.75,342.5,343.25,199080
2018-09-19 00:00:00-04:00,343.0,346.75,343.0,345.75,151074
2018-09-20 00:00:00-04:00,345.25,356.25,344.75,352.5,266804
2018-09-21 00:00:00-04:00,352.5,357.75,352.25,357.25,156113
2018-09-24 00:00:00-04:00,357.25,362.0,355.75,360.5,148370
2018-09-25 00:00:00-04:00,360.25,364.25,357.5,363.75,187874
2018-09-26 00:00:00-04:00,363.5,364.75,361.25,363.0,137900
2018-09-27 00:00:00-04:00,363.0,365.75,361.25,364.75,113909
2018-09-28 00:00:00-04:00,364.5,366.75,354.5,356.25,237213
2018-10-01 00:00:00-04:00,356.75,366.5,356.5,365.75,214369
2018-10-02 00:00:00-04:00,365.0,369.0,363.25,367.5,206146
2018-10-03 00:00:00-04:00,367.75,369.0,364.5,364.75,139279
2018-10-04 00:00:00-04:00,364.75,368.5,364.75,367.5,130828
2018-10-05 00:00:00-04:00,367.5,369.5,363.0,368.25,204815
2018-10-08 00:00:00-04:00,368.5,369.5,364.25,366.5,122012
2018-10-09 00:00:00-04:00,366.5,368.0,363.75,364.5,119567
2018-10-10 00:00:00-04:00,364.5,365.25,362.0,362.75,121039
2018-10-11 00:00:00-04:00,362.0,373.0,360.25,369.25,233116
2018-10-12 00:00:00-04:00,369.0,374.0,368.5,373.75,185821
2018-10-15 00:00:00-04:00,373.0,378.5,371.75,378.25,227938
2018-10-16 00:00:00-04:00,377.25,377.5,373.5,375.25,185899
2018-10-17 00:00:00-04:00,375.0,376.25,373.25,374.25,106446
2018-10-18 00:00:00-04:00,373.0,373.25,369.5,370.75,137274
2018-10-19 00:00:00-04:00,370.5,371.0,366.0,367.0,165329
2018-10-22 00:00:00-04:00,365.5,370.5,365.5,369.5,140542
2018-10-23 00:00:00-04:00,369.25,372.5,368.0,370.25,136626
2018-10-24 00:00:00-04:00,369.5,369.75,367.75,368.25,114262
2018-10-25 00:00:00-04:00,367.75,368.25,360.5,361.0,262813
2018-10-26 00:00:00-04:00,361.75,369.75,361.75,367.75,220034
2018-10-29 00:00:00-04:00,368.0,371.5,365.5,366.75,142746
2018-10-30 00:00:00-04:00,366.75,368.0,364.25,364.75,137331
2018-10-31 00:00:00-04:00,364.75,365.25,362.5,363.25,163231
2018-11-01 00:00:00-04:00,363.25,371.0,363.0,366.75,304754
2018-11-02 00:00:00-04:00,366.25,373.0,365.25,371.25,242629
2018-11-05 00:00:00-05:00,371.0,374.25,369.5,374.0,191618
2018-11-06 00:00:00-05:00,373.75,374.5,372.0,373.25,206076
2018-11-07 00:00:00-05:00,372.25,373.25,371.0,372.25,233522
2018-11-08 00:00:00-05:00,372.0,379.0,366.0,373.5,432338
2018-11-09 00:00:00-05:00,372.75,374.0,368.25,369.75,212422
2018-11-12 00:00:00-05:00,369.0,372.5,368.0,371.25,176017
2018-11-13 00:00:00-05:00,369.5,370.75,365.5,366.5,178859
2018-11-14 00:00:00-05:00,366.0,368.0,365.75,367.0,121770
2018-11-15 00:00:00-05:00,366.75,371.75,366.5,367.5,182150
2018-11-16 00:00:00-05:00,367.25,368.75,363.25,364.75,180968
2018-11-19 00:00:00-05:00,364.75,366.25,361.25,362.25,179457
2018-11-20 00:00:00-05:00,362.75,363.5,361.25,361.25,146930
2018-11-21 00:00:00-05:00,361.25,363.25,360.0,361.75,184082
2018-11-23 00:00:00-05:00,361.0,361.75,358.75,359.0,174044
2018-11-26 00:00:00-05:00,359.5,360.5,355.25,356.0,331200
2018-11-27 00:00:00-05:00,356.0,358.5,355.5,356.5,248125
2018-11-28 00:00:00-05:00,356.25,361.5,356.0,360.5,221952
2018-11-29 00:00:00-05:00,360.5,363.0,359.0,360.25,186618
2018-11-30 00:00:00-05:00,360.75,366.75,360.5,366.5,17986
2018-12-03 00:00:00-05:00,372.75,374.0,369.5,371.25,7579
2018-12-04 00:00:00-05:00,370.0,374.25,369.5,374.25,2930
2018-12-06 00:00:00-05:00,374.0,374.5,369.25,372.0,2299
2018-12-07 00:00:00-05:00,371.75,374.75,371.5,374.0,2243
2018-12-10 00:00:00-05:00,374.25,376.0,372.75,374.25,1655
2018-12-11 00:00:00-05:00,373.75,376.5,372.75,375.0,1372
2018-12-12 00:00:00-05:00,375.5,378.0,375.5,376.25,632
2018-12-13 00:00:00-05:00,375.0,377.5,374.0,375.5,229
2018-12-14 00:00:00-05:00,378.0,379.0,376.75,376.75,131884
2018-12-19 00:00:00-05:00,385.0,385.25,381.5,381.75,107244
2018-12-20 00:00:00-05:00,381.75,382.75,375.0,375.25,205496
2018-12-21 00:00:00-05:00,375.5,379.5,374.75,378.5,138729
2018-12-24 00:00:00-05:00,378.25,379.0,375.25,377.75,54836
2018-12-26 00:00:00-05:00,378.25,379.25,372.5,373.25,97146
2018-12-27 00:00:00-05:00,373.25,376.5,373.25,374.5,96243
2018-12-28 00:00:00-05:00,374.5,377.5,374.5,375.5,89172
2018-12-31 00:00:00-05:00,375.5,377.0,372.75,375.0,91126
2019-01-02 00:00:00-05:00,375.25,377.75,374.0,375.75,104724
2019-01-03 00:00:00-05:00,375.5,380.5,374.75,379.75,101460
2019-01-04 00:00:00-05:00,380.0,383.5,379.75,383.0,178171
2019-01-07 00:00:00-05:00,382.25,384.0,381.75,382.25,110623
2019-01-08 00:00:00-05:00,382.5,384.5,379.0,380.0,172291
2019-01-09 00:00:00-05:00,380.5,383.5,380.5,382.0,192055
2019-01-10 00:00:00-05:00,381.5,382.75,376.0,376.25,181392
2019-01-11 00:00:00-05:00,377.0,379.25,376.75,378.25,131815
2019-01-14 00:00:00-05:00,378.5,381.0,377.0,378.5,144739
2019-01-15 00:00:00-05:00,379.5,381.0,371.0,371.25,251255
2019-01-16 00:00:00-05:00,372.75,375.0,372.5,374.0,164719
2019-01-17 00:00:00-05:00,374.0,381.5,373.75,380.0,207625
2019-01-18 00:00:00-05:00,379.75,383.0,377.75,381.75,191033
2019-01-22 00:00:00-05:00,380.75,382.25,376.75,379.0,211433
2019-01-23 00:00:00-05:00,379.5,381.75,378.0,378.75,127605
2019-01-24 00:00:00-05:00,378.75,379.75,375.75,377.0,124108
2019-01-25 00:00:00-05:00,377.0,380.5,376.0,380.25,134094
2019-01-28 00:00:00-05:00,379.5,381.0,378.0,379.75,102144
2019-01-29 00:00:00-05:00,379.75,380.75,376.0,377.25,187023
2019-01-30 00:00:00-05:00,377.75,381.5,377.5,381.25,198900
2019-01-31 00:00:00-05:00,381.0,381.5,375.75,376.5,205750
2019-02-01 00:00:00-05:00,376.5,380.75,376.5,378.25,151472
2019-02-04 00:00:00-05:00,377.75,379.75,376.5,379.25,145834
2019-02-05 00:00:00-05:00,379.5,381.25,377.0,380.75,171954
2019-02-06 00:00:00-05:00,380.5,380.75,379.0,380.0,145154
2019-02-07 00:00:00-05:00,379.75,380.25,376.25,376.5,259742
2019-02-08 00:00:00-05:00,376.5,381.75,374.0,374.25,340779
2019-02-11 00:00:00-05:00,374.5,375.0,371.75,372.75,309359
2019-02-12 00:00:00-05:00,373.5,378.75,373.0,378.25,291257
2019-02-13 00:00:00-05:00,377.5,379.0,376.25,378.75,243883
2019-02-14 00:00:00-05:00,378.75,379.0,374.0,374.75,225289
2019-02-15 00:00:00-05:00,374.75,376.5,373.0,374.75,209096
2019-02-19 00:00:00-05:00,374.25,376.25,369.0,369.75,230708
2019-02-20 00:00:00-05:00,371.5,373.5,368.5,370.75,310666
2019-02-21 00:00:00-05:00,371.0,378.5,370.5,375.5,257188
2019-02-22 00:00:00-05:00,374.75,377.75,374.5,375.25,316659
2019-02-25 00:00:00-05:00,377.75,378.5,370.0,370.5,344712
2019-02-26 00:00:00-05:00,370.75,371.25,365.5,366.25,242769
2019-02-27 00:00:00-05:00,366.0,368.25,362.5,363.75,189224
2019-02-28 00:00:00-05:00,363.75,364.75,361.25,362.0,23512
2019-03-01 00:00:00-05:00,361.75,364.0,357.5,364.0,12360
2019-03-04 00:00:00-05:00,365.25,368.0,364.5,365.0,5270
2019-03-05 00:00:00-05:00,366.0,367.25,364.75,366.0,4570
2019-03-06 00:00:00-05:00,366.0,366.0,361.0,362.5,2916
2019-03-07 00:00:00-05:00,362.25,362.25,355.75,356.0,2482
2019-03-08 00:00:00-05:00,357.75,358.25,354.0,354.75,2265
2019-03-11 00:00:00-04:00,357.5,357.5,352.5,352.5,1747
2019-03-12 00:00:00-04:00,353.25,357.75,352.75,356.5,798
2019-03-13 00:00:00-04:00,357.25,359.5,355.0,357.25,317
2019-03-14 00:00:00-04:00,360.25,363.25,360.0,361.5,183857
2019-03-15 00:00:00-04:00,369.25,373.75,369.0,373.25,197270
2019-03-18 00:00:00-04:00,374.0,375.5,370.25,371.5,169237
2019-03-19 00:00:00-04:00,372.0,373.75,367.75,371.25,159377
2019-03-20 00:00:00-04:00,371.5,372.5,368.75,371.5,101477
2019-03-21 00:00:00-04:00,371.0,377.5,370.5,376.25,220227
2019-03-22 00:00:00-04:00,375.75,380.75,375.5,378.25,222578
2019-03-25 00:00:00-04:00,378.75,380.75,376.75,379.75,155849
2019-03-26 00:00:00-04:00,379.25,380.5,375.5,377.25,165178
2019-03-27 00:00:00-04:00,376.75,377.0,372.0,373.75,127919
2019-03-28 00:00:00-04:00,373.75,374.75,372.0,374.0,105825
2019-03-29 00:00:00-04:00,373.75,375.0,356.0,356.5,441012
2019-04-01 00:00:00-04:00,356.5,363.0,356.5,361.75,239354
2019-04-02 00:00:00-04:00,362.25,363.5,359.25,361.5,117194
2019-04-03 00:00:00-04:00,361.25,364.75,360.5,362.75,135849
2019-04-04 00:00:00-04:00,362.75,366.25,362.75,365.25,159329
2019-04-05 00:00:00-04:00,364.5,364.75,360.5,362.5,273057
2019-04-08 00:00:00-04:00,362.25,363.5,359.5,360.0,269564
2019-04-09 00:00:00-04:00,359.75,362.25,355.25,360.0,275445
2019-04-10 00:00:00-04:00,360.25,362.75,360.0,361.75,253300
2019-04-11 00:00:00-04:00,361.25,363.0,358.5,360.0,264730
2019-04-12 00:00:00-04:00,360.25,361.5,358.5,361.0,95871
2019-04-15 00:00:00-04:00,361.25,364.25,361.0,362.75,208541
2019-04-16 00:00:00-04:00,362.5,362.5,357.25,359.0,192351
2019-04-17 00:00:00-04:00,358.25,360.0,356.75,358.25,148184
2019-04-18 00:00:00-04:00,358.0,359.25,357.0,358.5,102302
2019-04-22 00:00:00-04:00,359.0,359.0,354.25,354.75,144705
2019-04-23 00:00:00-04:00,354.75,355.0,350.25,351.25,194770
2019-04-24 00:00:00-04:00,351.0,352.5,345.5,346.75,241386
2019-04-25 00:00:00-04:00,346.0,351.0,342.25,347.5,236880
2019-04-26 00:00:00-04:00,347.25,353.5,347.0,351.25,166752
2019-04-29 00:00:00-04:00,353.25,356.0,351.25,352.0,250771
2019-04-30 00:00:00-04:00,352.25,354.0,349.25,353.25,14379
2019-05-01 00:00:00-04:00,353.5,360.5,353.5,360.0,8291
2019-05-02 00:00:00-04:00,361.0,362.25,358.5,362.0,4314
2019-05-03 00:00:00-04:00,362.25,363.25,360.25,363.0,1645
2019-05-06 00:00:00-04:00,352.5,356.0,349.0,355.75,1710
2019-05-07 00:00:00-04:00,357.0,359.25,355.0,358.0,1156
2019-05-08 00:00:00-04:00,356.5,356.5,353.25,355.25,860
2019-05-09 00:00:00-04:00,350.0,350.0,344.0,344.5,657
2019-05-10 00:00:00-04:00,346.5,346.5,338.25,342.5,308
2019-05-13 00:00:00-04:00,335.5,348.25,335.5,347.5,286
2019-05-14 00:00:00-04:00,354.25,360.75,353.5,360.5,429399
2019-05-15 00:00:00-04:00,369.0,380.0,368.0,369.5,336989
2019-05-16 00:00:00-04:00,368.75,380.75,368.75,379.0,248510
2019-05-17 00:00:00-04:00,380.0,384.75,380.0,383.25,319503
2019-05-20 00:00:00-04:00,386.0,391.5,385.75,389.0,358734
2019-05-21 00:00:00-04:00,393.25,399.0,391.25,394.25,451260
2019-05-22 00:00:00-04:00,393.25,396.5,386.25,394.5,291262
2019-05-23 00:00:00-04:00,394.0,399.0,387.0,389.75,340117
2019-05-24 00:00:00-04:00,390.5,404.75,389.75,404.25,299952
2019-05-28 00:00:00-04:00,408.0,421.0,407.5,420.25,417683
2019-05-29 00:00:00-04:00,429.25,438.0,412.25,418.75,484436
2019-05-30 00:00:00-04:00,416.5,436.75,413.25,436.25,324914
2019-05-31 00:00:00-04:00,435.0,437.5,423.25,427.0,302171
2019-06-03 00:00:00-04:00,426.25,430.75,418.25,424.25,288442
2019-06-04 00:00:00-04:00,435.0,436.0,421.25,425.25,306703
2019-06-05 00:00:00-04:00,424.25,424.75,412.25,414.75,231859
2019-06-06 00:00:00-04:00,414.5,421.5,407.0,420.5,279006
2019-06-07 00:00:00-04:00,421.0,423.5,415.0,415.75,227751
2019-06-10 00:00:00-04:00,413.0,416.5,409.0,415.75,279949
2019-06-11 00:00:00-04:00,415.0,430.25,408.25,427.75,360317
2019-06-12 00:00:00-04:00,427.75,434.5,424.0,430.0,331360
2019-06-13 00:00:00-04:00,429.75,442.75,429.5,442.0,402152
2019-06-14 00:00:00-04:00,442.0,457.25,441.75,453.0,312814
2019-06-17 00:00:00-04:00,458.25,464.25,450.5,454.75,279480
2019-06-18 00:00:00-04:00,455.5,458.0,442.75,449.75,221471
2019-06-19 00:00:00-04:00,449.75,451.75,438.25,441.0,193331
2019-06-20 00:00:00-04:00,441.5,450.75,436.5,450.0,198628
2019-06-21 00:00:00-04:00,452.0,454.0,441.75,442.25,251093
2019-06-24 00:00:00-04:00,442.25,447.75,440.25,446.75,172094
2019-06-25 00:00:00-04:00,451.0,453.0,446.5,447.5,158426
2019-06-26 00:00:00-04:00,447.0,447.25,440.75,443.25,158878
2019-06-27 00:00:00-04:00,443.0,445.5,438.5,440.0,141131
2019-06-28 00:00:00-04:00,439.0,455.0,411.0,420.25,34514
2019-07-01 00:00:00-04:00,424.25,424.75,410.25,412.0,13482
2019-07-02 00:00:00-04:00,412.5,415.5,408.25,413.5,6526
2019-07-03 00:00:00-04:00,417.0,433.75,417.0,433.0,3471
2019-07-05 00:00:00-04:00,433.0,435.5,427.0,434.0,2127
2019-07-08 00:00:00-04:00,440.75,442.75,432.0,438.5,2083
2019-07-09 00:00:00-04:00,437.25,437.75,429.25,431.75,445
2019-07-10 00:00:00-04:00,430.0,434.75,428.0,434.25,494
2019-07-11 00:00:00-04:00,433.25,448.0,433.25,447.75,597
2019-07-12 00:00:00-04:00,447.75,457.0,447.75,449.5,169365
2019-07-15 00:00:00-04:00,459.25,460.0,439.75,441.0,164465
2019-07-16 00:00:00-04:00,437.75,440.75,429.0,435.25,144486
2019-07-17 00:00:00-04:00,435.25,441.5,431.5,436.0,125868
2019-07-18 00:00:00-04:00,435.0,436.0,423.25,424.5,156004
2019-07-19 00:00:00-04:00,425.5,434.0,423.75,430.75,114521
2019-07-22 00:00:00-04:00,430.75,432.25,421.0,422.25,110947
2019-07-23 00:00:00-04:00,423.75,426.5,418.25,425.5,131110
2019-07-24 00:00:00-04:00,425.0,430.5,421.5,424.0,93160
2019-07-25 00:00:00-04:00,424.0,425.75,418.0,418.5,172277
2019-07-26 00:00:00-04:00,418.25,419.5,413.0,414.5,120749
2019-07-29 00:00:00-04:00,413.25,419.5,412.0,417.0,90112
2019-07-30 00:00:00-04:00,417.0,417.0,410.25,411.25,81026
2019-07-31 00:00:00-04:00,410.75,413.75,400.0,400.25,151787
2019-08-01 00:00:00-04:00,401.75,403.0,387.25,392.75,145330
2019-08-02 00:00:00-04:00,394.75,400.0,393.5,399.5,90361
2019-08-05 00:00:00-04:00,400.0,406.75,391.0,405.25,109686
2019-08-06 00:00:00-04:00,405.75,408.0,400.75,404.0,113069
2019-08-07 00:00:00-04:00,404.75,407.5,400.5,406.5,167530
2019-08-08 00:00:00-04:00,407.25,412.0,405.5,411.0,184792
2019-08-09 00:00:00-04:00,410.75,417.0,407.25,410.25,185366
2019-08-12 00:00:00-04:00,409.75,410.0,385.25,385.25,248125
2019-08-13 00:00:00-04:00,379.0,379.0,365.5,366.0,312969
2019-08-14 00:00:00-04:00,366.25,370.5,358.5,359.0,185092
2019-08-15 00:00:00-04:00,360.25,363.75,358.25,360.75,108781
2019-08-16 00:00:00-04:00,361.5,371.25,361.25,371.0,104806
2019-08-19 00:00:00-04:00,367.25,368.25,363.25,365.0,78542
2019-08-20 00:00:00-04:00,366.5,370.25,359.25,359.5,89474
2019-08-21 00:00:00-04:00,360.0,364.0,357.0,362.5,125855
2019-08-22 00:00:00-04:00,363.0,366.5,359.0,363.25,99247
2019-08-23 00:00:00-04:00,362.75,363.0,357.5,359.75,169868
2019-08-26 00:00:00-04:00,358.0,362.0,357.0,358.5,122537
2019-08-27 00:00:00-04:00,359.0,360.0,356.75,357.0,129886
2019-08-28 00:00:00-04:00,357.25,365.5,355.25,362.75,172927
2019-08-29 00:00:00-04:00,363.0,369.0,357.5,359.75,122794
2019-08-30 00:00:00-04:00,359.75,364.5,356.75,358.0,11240
2019-09-03 00:00:00-04:00,358.75,359.0,349.0,349.75,5335
2019-09-04 00:00:00-04:00,350.5,351.0,344.5,346.0,3851
2019-09-05 00:00:00-04:00,346.5,349.5,346.5,346.5,1813
2019-09-06 00:00:00-04:00,347.5,348.25,341.5,342.5,1357
2019-09-09 00:00:00-04:00,343.25,343.25,340.0,340.75,938
2019-09-10 00:00:00-04:00,344.0,349.5,344.0,348.5,314
2019-09-11 00:00:00-04:00,349.75,349.75,344.75,348.25,328
2019-09-12 00:00:00-04:00,349.75,354.5,349.5,354.5,152
2019-09-13 00:00:00-04:00,358.5,358.5,355.5,355.5,145836
2019-09-16 00:00:00-04:00,372.0,374.75,367.5,374.0,133444
2019-09-17 00:00:00-04:00,374.0,374.25,366.0,368.0,154625
2019-09-18 00:00:00-04:00,367.75,372.0,365.75,371.25,126832
2019-09-19 00:00:00-04:00,371.5,373.75,369.5,372.75,117069
2019-09-20 00:00:00-04:00,372.75,374.5,369.5,370.75,132998
2019-09-23 00:00:00-04:00,371.25,374.5,371.0,373.25,100443
2019-09-24 00:00:00-04:00,372.0,376.0,370.25,374.75,144294
2019-09-25 00:00:00-04:00,375.25,377.5,372.25,374.25,119189
2019-09-26 00:00:00-04:00,373.5,375.75,368.25,372.5,175419
2019-09-27 00:00:00-04:00,371.25,373.0,369.75,371.5,90796
2019-09-30 00:00:00-04:00,372.0,388.25,371.5,388.0,337247
2019-10-01 00:00:00-04:00,386.75,392.75,385.25,392.5,227065
2019-10-02 00:00:00-04:00,390.5,391.75,385.5,387.75,158921
2019-10-03 00:00:00-04:00,387.0,390.75,385.5,388.75,125489
2019-10-04 00:00:00-04:00,388.0,389.0,383.75,384.75,116336
2019-10-07 00:00:00-04:00,387.5,387.75,385.0,387.0,100421
2019-10-08 00:00:00-04:00,387.5,396.5,386.0,395.75,200460
2019-10-09 00:00:00-04:00,395.5,397.25,393.0,394.25,140853
2019-10-10 00:00:00-04:00,392.75,395.0,378.25,380.25,297046
2019-10-11 00:00:00-04:00,380.75,398.75,380.5,397.75,272436
2019-10-14 00:00:00-04:00,401.25,402.5,393.25,397.75,170713
2019-10-15 00:00:00-04:00,397.0,398.5,392.5,393.25,143675
2019-10-16 00:00:00-04:00,392.0,392.75,387.5,391.75,139675
2019-10-17 00:00:00-04:00,391.75,397.25,391.5,394.75,141532
2019-10-18 00:00:00-04:00,394.0,395.75,389.75,391.0,122010
2019-10-21 00:00:00-04:00,390.0,393.75,386.5,387.25,150187
2019-10-22 00:00:00-04:00,387.0,392.5,385.0,388.0,136694
2019-10-23 00:00:00-04:00,387.75,389.5,384.0,387.75,117561
2019-10-24 00:00:00-04:00,388.5,390.75,385.25,386.75,130664
2019-10-25 00:00:00-04:00,387.0,390.0,385.75,386.75,131677
2019-10-28 00:00:00-04:00,386.0,386.5,383.25,384.0,122790
2019-10-29 00:00:00-04:00,383.5,387.5,382.0,386.25,153732
2019-10-30 00:00:00-04:00,385.75,391.25,385.25,390.75,177034
2019-10-31 00:00:00-04:00,390.25,391.0,384.75,390.0,176193
2019-11-01 00:00:00-04:00,389.25,391.75,386.25,389.25,151943
2019-11-04 00:00:00-05:00,386.75,387.75,383.0,383.25,145373
2019-11-05 00:00:00-05:00,383.25,384.75,380.5,381.75,157127
2019-11-06 00:00:00-05:00,382.25,385.0,377.5,378.75,185339
2019-11-07 00:00:00-05:00,379.25,380.0,373.75,375.25,219147
2019-11-08 00:00:00-05:00,375.25,383.75,372.5,377.25,343769
2019-11-11 00:00:00-05:00,376.0,377.0,372.5,373.25,211215
2019-11-12 00:00:00-05:00,373.5,378.0,372.75,377.75,220513
2019-11-13 00:00:00-05:00,377.0,377.75,375.0,375.25,195982
2019-11-14 00:00:00-05:00,375.25,377.5,374.5,375.75,144893
2019-11-15 00:00:00-05:00,375.5,376.5,370.75,371.25,140175
2019-11-18 00:00:00-05:00,371.0,371.75,367.5,367.75,206268
2019-11-19 00:00:00-05:00,367.75,373.0,367.75,370.0,202015
2019-11-20 00:00:00-05:00,369.75,370.5,365.75,366.75,297024
2019-11-21 00:00:00-05:00,366.75,369.75,366.25,368.5,158701
2019-11-22 00:00:00-05:00,368.0,370.25,367.5,368.75,228112
2019-11-25 00:00:00-05:00,368.75,372.75,368.25,370.5,199301
2019-11-26 00:00:00-05:00,369.75,370.5,367.0,367.5,207678
2019-11-27 00:00:00-05:00,367.25,368.75,362.25,362.75,163967
2019-11-29 00:00:00-05:00,365.75,372.25,365.0,371.25,15512
2019-12-02 00:00:00-05:00,371.75,375.5,371.0,373.5,6280
2019-12-03 00:00:00-05:00,373.75,376.0,371.5,372.0,4939
2019-12-04 00:00:00-05:00,371.75,373.5,367.75,368.75,2985
2019-12-05 00:00:00-05:00,368.5,369.75,365.25,365.5,3029
2019-12-06 00:00:00-05:00,364.75,368.75,364.75,366.5,960
2019-12-09 00:00:00-05:00,366.5,368.0,365.0,365.75,639
2019-12-10 00:00:00-05:00,365.75,367.0,362.5,363.25,888
2019-12-11 00:00:00-05:00,363.0,363.0,357.0,357.75,259
2019-12-12 00:00:00-05:00,358.25,368.75,358.25,367.0,664
2019-12-13 00:00:00-05:00,373.75,374.5,366.25,366.25,230831
2019-12-16 00:00:00-05:00,383.5,389.5,383.25,388.0,180896
2019-12-17 00:00:00-05:00,387.5,390.5,386.25,390.0,118236
2019-12-18 00:00:00-05:00,389.25,390.0,385.75,387.0,125534
2019-12-19 00:00:00-05:00,387.0,389.0,385.0,386.5,99129
2019-12-20 00:00:00-05:00,386.5,389.5,386.0,387.75,85326
2019-12-23 00:00:00-05:00,388.0,390.25,387.25,388.75,82257
2019-12-24 00:00:00-05:00,388.5,389.0,387.0,387.5,50416
2019-12-26 00:00:00-05:00,388.0,389.0,386.5,388.5,49930
2019-12-27 00:00:00-05:00,388.0,391.0,388.0,390.0,85213
2019-12-30 00:00:00-05:00,389.25,392.0,386.75,388.25,123528
2019-12-31 00:00:00-05:00,388.25,389.75,386.25,387.75,85103
2020-01-02 00:00:00-05:00,387.75,392.0,387.25,391.5,103987
2020-01-03 00:00:00-05:00,391.5,392.0,385.5,386.5,125931
2020-01-06 00:00:00-05:00,386.25,387.75,382.75,384.75,112130
2020-01-07 00:00:00-05:00,385.0,385.75,383.5,384.5,93541
2020-01-08 00:00:00-05:00,384.0,385.5,382.25,384.25,135523
2020-01-09 00:00:00-05:00,383.75,387.0,382.25,383.25,130937
2020-01-10 00:00:00-05:00,383.25,386.75,376.5,385.75,226659
2020-01-13 00:00:00-05:00,386.5,389.5,385.5,389.5,139994
2020-01-14 00:00:00-05:00,389.25,390.5,388.25,389.0,115957
2020-01-15 00:00:00-05:00,388.75,390.25,386.5,387.5,141478
2020-01-16 00:00:00-05:00,387.25,387.75,375.25,375.5,230557
2020-01-17 00:00:00-05:00,377.0,389.5,376.75,389.25,293121
2020-01-21 00:00:00-05:00,389.0,389.25,384.25,387.5,182958
2020-01-22 00:00:00-05:00,387.5,391.0,386.75,388.75,155603
2020-01-23 00:00:00-05:00,388.5,394.0,387.5,393.75,256298
2020-01-24 00:00:00-05:00,393.25,393.25,386.5,387.25,196121
2020-01-27 00:00:00-05:00,384.25,384.75,377.25,380.5,264471
2020-01-28 00:00:00-05:00,382.5,387.0,378.5,386.5,243266
2020-01-29 00:00:00-05:00,385.5,388.25,382.75,384.25,136811
2020-01-30 00:00:00-05:00,384.5,385.0,378.5,379.5,160206
2020-01-31 00:00:00-05:00,381.5,382.75,378.75,381.25,151805
2020-02-03 00:00:00-05:00,380.5,382.0,376.5,378.75,216443
2020-02-04 00:00:00-05:00,378.25,383.5,378.25,382.25,176002
2020-02-05 00:00:00-05:00,381.5,383.25,379.5,380.75,122103
2020-02-06 00:00:00-05:00,380.25,381.75,376.0,379.25,191891
2020-02-07 00:00:00-05:00,380.25,385.0,380.0,383.5,256721
2020-02-10 00:00:00-05:00,383.25,383.5,379.0,381.75,219017
2020-02-11 00:00:00-05:00,381.0,382.0,378.0,379.75,200407
2020-02-12 00:00:00-05:00,379.75,383.75,378.25,383.0,241461
2020-02-13 00:00:00-05:00,382.25,382.75,379.0,379.5,202459
2020-02-14 00:00:00-05:00,379.5,381.5,376.25,377.75,216864
2020-02-18 00:00:00-05:00,378.5,383.25,378.0,383.0,215110
2020-02-19 00:00:00-05:00,382.25,382.75,378.5,380.5,172265
2020-02-20 00:00:00-05:00,380.75,381.25,378.0,378.5,173142
2020-02-21 00:00:00-05:00,378.25,380.5,376.25,377.0,169068
2020-02-24 00:00:00-05:00,376.25,376.25,370.0,372.25,170528
2020-02-25 00:00:00-05:00,373.0,374.75,371.25,372.5,119868
2020-02-26 00:00:00-05:00,372.0,374.0,368.25,370.5,268795
2020-02-27 00:00:00-05:00,369.75,370.0,361.75,364.5,156142
2020-02-28 00:00:00-05:00,364.5,367.25,362.75,366.5,18809
2020-03-02 00:00:00-05:00,366.5,375.75,366.0,374.75,6092
2020-03-03 00:00:00-05:00,375.75,383.75,375.75,381.75,3194
2020-03-04 00:00:00-05:00,382.0,388.5,380.0,387.0,3275
2020-03-05 00:00:00-05:00,387.5,387.5,382.0,384.5,1830
2020-03-06 00:00:00-05:00,383.75,385.5,377.0,377.25,1277
2020-03-09 00:00:00-04:00,372.0,377.5,368.5,374.25,921
2020-03-10 00:00:00-04:00,379.0,381.5,377.5,380.0,605
2020-03-11 00:00:00-04:00,380.25,380.5,377.0,379.25,942
2020-03-12 00:00:00-04:00,377.5,377.5,367.0,369.75,342
2020-03-13 00:00:00-04:00,370.0,375.5,370.0,370.75,191029
2020-03-16 00:00:00-04:00,362.5,367.75,354.0,354.75,188791
2020-03-17 00:00:00-04:00,355.25,356.75,342.75,344.0,219215
2020-03-18 00:00:00-04:00,344.0,345.25,332.0,335.25,255105
2020-03-19 00:00:00-04:00,336.5,354.75,336.5,345.5,223252
2020-03-20 00:00:00-04:00,346.5,356.75,342.25,343.75,189068
2020-03-23 00:00:00-04:00,340.25,345.5,338.25,343.5,114729
2020-03-24 00:00:00-04:00,343.5,350.5,338.0,347.25,126658
2020-03-25 00:00:00-04:00,347.5,352.75,345.75,348.5,118826
2020-03-26 00:00:00-04:00,348.25,349.25,343.75,348.75,113530
2020-03-27 00:00:00-04:00,348.5,350.0,342.5,346.0,114028
2020-03-30 00:00:00-04:00,343.0,346.75,340.0,341.25,108485
2020-03-31 00:00:00-04:00,341.75,344.75,333.5,340.75,208191
2020-04-01 00:00:00-04:00,341.25,342.75,333.5,334.75,151929
2020-04-02 00:00:00-04:00,335.0,343.25,333.0,333.5,151692
2020-04-03 00:00:00-04:00,334.5,338.5,328.0,330.75,158652
2020-04-06 00:00:00-04:00,329.75,331.75,325.5,327.75,111044
2020-04-07 00:00:00-04:00,328.0,335.5,328.0,331.5,157368
2020-04-08 00:00:00-04:00,332.0,334.0,328.25,330.0,151312
2020-04-09 00:00:00-04:00,330.75,333.5,328.0,331.75,169665
2020-04-13 00:00:00-04:00,332.25,334.0,326.5,331.5,147086
2020-04-14 00:00:00-04:00,331.25,332.0,325.75,326.0,191905
2020-04-15 00:00:00-04:00,326.0,326.75,317.5,319.25,161437
2020-04-16 00:00:00-04:00,318.75,323.0,317.75,319.75,136583
2020-04-17 00:00:00-04:00,319.75,325.5,319.5,322.25,99361
2020-04-20 00:00:00-04:00,322.5,323.25,313.5,314.25,150677
2020-04-21 00:00:00-04:00,314.25,316.25,301.0,309.25,197926
2020-04-22 00:00:00-04:00,310.0,320.25,308.25,317.5,146968
2020-04-23 00:00:00-04:00,317.0,323.5,315.0,319.25,136849
2020-04-24 00:00:00-04:00,319.25,320.75,312.0,315.75,113476
2020-04-27 00:00:00-04:00,315.0,315.75,304.25,305.5,108694
2020-04-28 00:00:00-04:00,305.0,308.5,301.25,302.75,138104
2020-04-29 00:00:00-04:00,302.75,308.75,300.25,304.5,121804
2020-04-30 00:00:00-04:00,305.25,313.0,303.5,311.5,11086
2020-05-01 00:00:00-04:00,311.0,311.5,308.0,311.5,3512
2020-05-04 00:00:00-04:00,309.5,310.75,305.5,310.75,2622
2020-05-05 00:00:00-04:00,310.5,314.75,310.5,313.0,867
2020-05-06 00:00:00-04:00,315.0,315.0,311.0,311.75,522
2020-05-07 00:00:00-04:00,313.5,318.0,313.25,316.0,1076
2020-05-08 00:00:00-04:00,317.75,321.75,317.5,319.0,1065
2020-05-11 00:00:00-04:00,320.0,322.25,318.0,318.5,333
2020-05-12 00:00:00-04:00,318.75,324.5,312.75,323.75,274
2020-05-13 00:00:00-04:00,323.5,323.5,320.0,320.25,91
2020-05-14 00:00:00-04:00,320.25,320.25,320.25,320.25,107147
2020-05-15 00:00:00-04:00,317.75,320.5,316.75,319.25,101614
2020-05-18 00:00:00-04:00,320.0,322.0,318.0,320.75,99372
2020-05-19 00:00:00-04:00,320.75,325.5,320.5,321.25,126375
2020-05-20 00:00:00-04:00,321.25,321.5,317.25,319.5,154473
2020-05-21 00:00:00-04:00,319.0,320.25,316.25,317.75,115119
2020-05-22 00:00:00-04:00,317.75,319.0,316.0,318.0,97188
2020-05-26 00:00:00-04:00,316.75,323.0,316.5,319.0,145175
2020-05-27 00:00:00-04:00,320.0,321.75,319.25,320.5,78423
2020-05-28 00:00:00-04:00,320.25,330.75,319.5,327.5,246973
2020-05-29 00:00:00-04:00,327.5,329.5,323.25,325.75,192310
2020-06-01 00:00:00-04:00,325.5,327.75,319.25,323.25,151319
2020-06-02 00:00:00-04:00,323.5,325.25,322.0,324.25,130469
2020-06-03 00:00:00-04:00,324.25,324.5,321.25,324.0,128010
2020-06-04 00:00:00-04:00,324.25,329.5,324.0,329.0,155612
2020-06-05 00:00:00-04:00,328.75,332.5,328.25,331.25,215912
2020-06-08 00:00:00-04:00,333.5,334.75,331.0,333.75,206335
2020-06-09 00:00:00-04:00,332.25,334.0,326.75,327.5,253631
2020-06-10 00:00:00-04:00,327.25,328.0,324.25,326.25,243286
2020-06-11 00:00:00-04:00,326.0,331.0,325.25,329.75,272975
2020-06-12 00:00:00-04:00,329.5,333.0,328.25,330.0,236621
2020-06-15 00:00:00-04:00,329.25,330.0,325.5,329.25,170741
2020-06-16 00:00:00-04:00,331.75,334.5,328.0,329.0,229095
2020-06-17 00:00:00-04:00,328.0,331.25,325.0,330.25,225643
2020-06-18 00:00:00-04:00,329.75,333.75,328.75,331.0,201444
2020-06-19 00:00:00-04:00,329.75,333.75,327.5,332.5,170567
2020-06-22 00:00:00-04:00,332.0,332.25,328.0,328.25,134480
2020-06-23 00:00:00-04:00,327.5,327.5,321.25,325.0,185863
2020-06-24 00:00:00-04:00,324.5,329.0,323.75,324.25,180307
2020-06-25 00:00:00-04:00,323.5,324.25,315.0,317.25,194687
2020-06-26 00:00:00-04:00,317.0,319.75,313.5,317.0,216581
2020-06-29 00:00:00-04:00,316.75,326.5,316.0,326.25,150216
2020-06-30 00:00:00-04:00,325.25,342.0,323.75,338.5,21411
2020-07-01 00:00:00-04:00,338.5,351.25,337.5,348.25,4582
2020-07-02 00:00:00-04:00,347.5,350.25,342.25,342.5,2491
2020-07-06 00:00:00-04:00,348.25,349.0,345.25,346.5,2094
2020-07-07 00:00:00-04:00,347.5,347.5,341.75,345.0,1273
2020-07-08 00:00:00-04:00,343.5,348.5,341.0,348.25,352
2020-07-09 00:00:00-04:00,349.0,356.5,348.25,351.25,495
2020-07-10 00:00:00-04:00,350.25,352.0,340.0,340.5,806
2020-07-13 00:00:00-04:00,337.25,337.25,332.0,334.0,437
2020-07-14 00:00:00-04:00,334.0,336.5,324.5,334.75,112416
2020-07-15 00:00:00-04:00,326.0,328.75,322.75,326.25,101702
2020-07-16 00:00:00-04:00,326.0,333.25,326.0,330.25,109531
2020-07-17 00:00:00-04:00,330.25,334.75,330.25,333.0,83693
2020-07-20 00:00:00-04:00,333.0,333.5,326.0,328.25,105214
2020-07-21 00:00:00-04:00,327.75,327.75,322.0,322.75,132248
2020-07-22 00:00:00-04:00,323.0,328.0,322.25,327.5,122910
2020-07-23 00:00:00-04:00,327.25,329.5,325.0,328.0,92652
2020-07-24 00:00:00-04:00,328.0,329.75,325.5,326.25,144237
2020-07-27 00:00:00-04:00,325.25,327.5,323.25,325.0,96017
2020-07-28 00:00:00-04:00,323.0,323.5,320.0,320.0,110739
2020-07-29 00:00:00-04:00,320.0,321.5,315.25,315.5,136660
2020-07-30 00:00:00-04:00,315.5,319.25,315.25,315.75,120454
2020-07-31 00:00:00-04:00,315.75,317.5,314.5,316.0,77056
2020-08-03 00:00:00-04:00,315.0,318.25,315.0,317.5,83190
2020-08-04 00:00:00-04:00,316.5,316.75,308.25,308.25,161834
2020-08-05 00:00:00-04:00,309.0,311.25,309.0,311.0,103355
2020-08-06 00:00:00-04:00,310.5,312.75,309.5,311.25,106028
2020-08-07 00:00:00-04:00,311.0,311.75,307.25,307.75,124482
2020-08-10 00:00:00-04:00,307.5,311.75,307.5,310.5,167514
2020-08-11 00:00:00-04:00,311.25,315.0,310.25,311.5,170713
2020-08-12 00:00:00-04:00,311.25,315.0,308.0,314.5,209796
2020-08-13 00:00:00-04:00,315.0,327.5,314.75,325.25,317363
2020-08-14 00:00:00-04:00,324.5,325.25,321.5,324.5,160379
2020-08-17 00:00:00-04:00,327.0,331.0,326.5,331.0,111934
2020-08-18 00:00:00-04:00,330.0,332.0,325.75,327.0,130091
2020-08-19 00:00:00-04:00,326.0,327.25,323.5,325.0,87620
2020-08-20 00:00:00-04:00,324.25,325.75,320.75,324.5,92738
2020-08-21 00:00:00-04:00,324.75,327.75,324.25,327.0,134880
2020-08-24 00:00:00-04:00,328.0,332.5,327.5,331.75,126824
2020-08-25 00:00:00-04:00,335.0,341.5,334.75,340.75,147003
2020-08-26 00:00:00-04:00,340.25,341.25,337.25,340.5,89216
2020-08-27 00:00:00-04:00,340.0,344.75,339.0,344.25,123788
2020-08-28 00:00:00-04:00,343.25,347.75,340.75,346.0,94064
2020-08-31 00:00:00-04:00,348.75,353.0,346.0,348.5,11030
2020-09-01 00:00:00-04:00,347.75,350.0,343.25,349.5,3700
2020-09-02 00:00:00-04:00,349.25,350.5,345.25,349.75,2609
2020-09-03 00:00:00-04:00,349.75,350.0,343.75,344.5,1449
2020-09-04 00:00:00-04:00,344.0,349.0,343.5,347.25,1680
2020-09-08 00:00:00-04:00,348.0,353.0,346.0,351.0,874
2020-09-09 00:00:00-04:00,349.75,351.25,348.5,350.0,112
2020-09-10 00:00:00-04:00,349.75,357.75,349.75,357.25,665
2020-09-11 00:00:00-04:00,355.5,366.0,355.5,365.0,675
2020-09-14 00:00:00-04:00,366.75,366.75,357.5,357.5,137658
2020-09-15 00:00:00-04:00,369.0,369.5,365.25,366.0,133018
2020-09-16 00:00:00-04:00,365.5,372.0,361.75,371.75,158937
2020-09-17 00:00:00-04:00,371.5,377.25,368.0,375.25,235205
2020-09-18 00:00:00-04:00,374.25,379.25,373.25,378.5,191291
2020-09-21 00:00:00-04:00,377.5,378.25,368.25,369.75,209548
2020-09-22 00:00:00-04:00,369.75,373.25,365.75,369.25,159145
2020-09-23 00:00:00-04:00,368.25,370.25,365.75,368.5,122193
2020-09-24 00:00:00-04:00,368.0,368.25,363.0,363.5,152367
2020-09-25 00:00:00-04:00,363.25,367.5,363.0,365.25,130065
2020-09-28 00:00:00-04:00,364.25,369.75,360.5,366.75,162085
2020-09-29 00:00:00-04:00,366.75,367.75,361.0,364.75,137617
2020-09-30 00:00:00-04:00,364.25,382.75,362.0,379.0,337543
2020-10-01 00:00:00-04:00,379.0,385.5,378.0,382.75,216356
2020-10-02 00:00:00-04:00,381.5,383.25,377.25,379.75,164090
2020-10-05 00:00:00-04:00,378.75,382.5,377.75,379.5,119040
2020-10-06 00:00:00-04:00,378.5,389.25,378.5,385.0,213443
2020-10-07 00:00:00-04:00,384.5,392.0,384.0,388.75,186782
2020-10-08 00:00:00-04:00,389.0,394.5,386.5,387.0,202957
2020-10-09 00:00:00-04:00,387.0,398.25,386.5,395.0,280954
2020-10-12 00:00:00-04:00,395.5,399.25,387.25,389.0,193542
2020-10-13 00:00:00-04:00,389.0,392.75,388.0,391.25,130273
2020-10-14 00:00:00-04:00,391.0,397.5,388.0,396.5,183507
2020-10-15 00:00:00-04:00,396.0,404.25,393.5,403.75,245381
2020-10-16 00:00:00-04:00,403.25,409.0,401.75,402.0,226808
2020-10-19 00:00:00-04:00,401.75,406.75,400.75,405.25,167466
2020-10-20 00:00:00-04:00,404.25,409.75,403.5,408.75,179887
2020-10-21 00:00:00-04:00,408.25,415.25,407.75,413.75,216167
2020-10-22 00:00:00-04:00,413.75,419.0,410.75,416.25,196234
2020-10-23 00:00:00-04:00,415.0,420.0,414.0,419.25,168924
2020-10-26 00:00:00-04:00,419.25,419.75,412.75,417.75,206162
2020-10-27 00:00:00-04:00,416.75,422.25,415.5,416.0,207081
2020-10-28 00:00:00-04:00,415.0,415.25,400.5,401.5,320256
2020-10-29 00:00:00-04:00,401.0,404.25,393.0,398.5,279411
2020-10-30 00:00:00-04:00,397.25,400.0,394.25,398.5,209475
2020-11-02 00:00:00-05:00,396.0,397.75,393.0,397.5,165146
2020-11-03 00:00:00-05:00,396.25,403.25,395.25,401.0,184363
2020-11-04 00:00:00-05:00,400.0,406.0,396.5,405.25,176330
2020-11-05 00:00:00-05:00,405.0,417.25,404.0,409.25,245189
2020-11-06 00:00:00-05:00,409.0,412.0,405.75,406.75,200681
2020-11-09 00:00:00-05:00,405.75,410.0,401.75,407.5,204111
2020-11-10 00:00:00-05:00,407.0,427.25,406.25,423.0,355814
2020-11-11 00:00:00-05:00,422.5,428.0,416.25,417.25,306427
2020-11-12 00:00:00-05:00,417.25,418.5,406.25,408.25,234330
2020-11-13 00:00:00-05:00,407.5,413.25,403.75,410.5,188493
2020-11-16 00:00:00-05:00,409.0,416.75,409.0,416.25,132116
2020-11-17 00:00:00-05:00,417.5,422.0,417.25,420.25,156573
2020-11-18 00:00:00-05:00,419.0,428.5,418.5,425.75,205431
2020-11-19 00:00:00-05:00,424.5,425.5,418.75,422.5,133305
2020-11-20 00:00:00-05:00,422.25,428.0,421.5,423.25,137243
2020-11-23 00:00:00-05:00,427.5,429.75,423.5,426.5,153801
2020-11-24 00:00:00-05:00,425.75,426.5,416.5,425.75,144304
2020-11-25 00:00:00-05:00,426.0,427.5,420.0,420.0,124261
2020-11-27 00:00:00-05:00,420.25,426.25,418.5,425.5,68262
2020-11-30 00:00:00-05:00,427.5,430.5,418.25,419.75,14701
2020-12-01 00:00:00-05:00,420.0,423.0,414.0,414.75,5316
2020-12-02 00:00:00-05:00,414.5,419.75,409.0,419.0,3551
2020-12-03 00:00:00-05:00,419.25,423.25,417.75,422.5,2379
2020-12-04 00:00:00-05:00,422.25,422.75,415.75,417.0,1675
2020-12-07 00:00:00-05:00,415.25,421.0,412.0,419.5,1156
2020-12-08 00:00:00-05:00,418.75,419.0,415.5,417.0,1757
2020-12-09 00:00:00-05:00,418.0,422.25,418.0,422.0,1079
2020-12-10 00:00:00-05:00,422.0,425.75,420.0,420.25,1262
2020-12-11 00:00:00-05:00,422.0,424.5,417.5,424.25,1724
2020-12-14 00:00:00-05:00,424.75,429.75,419.25,419.25,108692
2020-12-15 00:00:00-05:00,424.0,425.25,420.5,424.75,98612
2020-12-16 00:00:00-05:00,425.25,429.25,423.75,427.25,111651
2020-12-17 00:00:00-05:00,426.25,433.0,424.25,432.5,119655
2020-12-18 00:00:00-05:00,432.25,438.5,432.0,437.5,128812
2020-12-21 00:00:00-05:00,438.0,440.75,430.25,440.0,141947
2020-12-22 00:00:00-05:00,440.0,444.25,437.25,443.5,140992
2020-12-23 00:00:00-05:00,442.75,449.75,441.5,447.25,147651
2020-12-24 00:00:00-05:00,446.75,451.5,446.5,451.0,74879
2020-12-28 00:00:00-05:00,452.0,457.5,448.0,456.5,145219
2020-12-29 00:00:00-05:00,455.75,467.25,453.5,466.0,191298
2020-12-30 00:00:00-05:00,466.0,476.0,462.0,474.5,163367
2020-12-31 00:00:00-05:00,474.0,485.75,473.0,484.0,168459
2021-01-04 00:00:00-05:00,487.25,497.75,479.5,483.75,265157
2021-01-05 00:00:00-05:00,484.5,496.0,482.5,491.75,219646
2021-01-06 00:00:00-05:00,492.5,502.75,491.5,495.0,202374
2021-01-07 00:00:00-05:00,495.0,496.0,487.25,494.0,185782
2021-01-08 00:00:00-05:00,494.0,499.5,492.5,496.25,163270
2021-01-11 00:00:00-05:00,496.5,500.5,490.25,492.25,176563
2021-01-12 00:00:00-05:00,491.5,517.25,489.25,517.25,248448
2021-01-13 00:00:00-05:00,524.0,541.5,522.25,524.5,327689
2021-01-14 00:00:00-05:00,523.0,536.5,519.0,534.25,210370
2021-01-15 00:00:00-05:00,534.0,536.5,527.75,531.5,167504
2021-01-19 00:00:00-05:00,531.5,534.25,523.25,526.0,188564
2021-01-20 00:00:00-05:00,525.0,526.5,512.75,522.0,217777
2021-01-21 00:00:00-05:00,521.0,531.5,519.25,524.25,169566
2021-01-22 00:00:00-05:00,522.5,522.75,499.25,500.5,289548
2021-01-25 00:00:00-05:00,500.0,515.5,492.5,511.5,264763
2021-01-26 00:00:00-05:00,513.0,534.25,508.0,532.25,232259
2021-01-27 00:00:00-05:00,532.5,543.75,529.5,534.0,223887
2021-01-28 00:00:00-05:00,533.25,550.5,529.0,534.5,252543
2021-01-29 00:00:00-05:00,534.5,553.75,533.25,547.0,279607
2021-02-01 00:00:00-05:00,549.0,555.75,539.0,549.25,219066
2021-02-02 00:00:00-05:00,549.75,552.5,540.25,543.0,175739
2021-02-03 00:00:00-05:00,543.25,552.5,536.5,552.0,210137
2021-02-04 00:00:00-05:00,552.0,558.0,547.0,550.0,217079
2021-02-05 00:00:00-05:00,548.5,552.25,545.5,548.5,216445
2021-02-08 00:00:00-05:00,548.75,565.75,548.75,563.75,267647
2021-02-09 00:00:00-05:00,565.0,574.25,545.0,556.25,390741
2021-02-10 00:00:00-05:00,556.0,556.25,531.75,534.5,285720
2021-02-11 00:00:00-05:00,532.25,546.5,524.75,541.0,261046
2021-02-12 00:00:00-05:00,541.0,546.25,536.75,538.75,117970
2021-02-16 00:00:00-05:00,547.0,552.75,538.5,552.25,146173
2021-02-17 00:00:00-05:00,552.0,554.75,547.5,553.0,121352
2021-02-18 00:00:00-05:00,552.75,554.5,548.0,550.25,123409
2021-02-19 00:00:00-05:00,549.25,555.5,540.75,542.75,203468
2021-02-22 00:00:00-05:00,544.25,551.5,543.5,551.0,140629
2021-02-23 00:00:00-05:00,550.75,559.5,550.0,553.75,134967
2021-02-24 00:00:00-05:00,553.5,560.75,552.0,559.25,174397
2021-02-25 00:00:00-05:00,559.0,560.5,542.5,554.75,128538
2021-02-26 00:00:00-05:00,554.5,556.5,546.25,555.5,21395
2021-03-01 00:00:00-05:00,560.5,562.5,547.0,547.5,6534
2021-03-02 00:00:00-05:00,547.25,564.0,542.0,560.75,8112
2021-03-03 00:00:00-05:00,560.0,560.0,548.0,550.25,3809
2021-03-04 00:00:00-05:00,550.25,554.25,546.0,546.25,2129
2021-03-05 00:00:00-05:00,545.0,564.75,544.5,562.0,1441
2021-03-08 00:00:00-05:00,565.25,571.25,557.0,565.0,2320
2021-03-09 00:00:00-05:00,565.0,565.0,554.25,562.0,2224
2021-03-10 00:00:00-05:00,564.5,564.5,547.5,547.75,1986
2021-03-11 00:00:00-05:00,547.0,556.25,547.0,555.0,672
2021-03-12 00:00:00-05:00,545.0,551.5,544.5,549.25,123442
2021-03-15 00:00:00-04:00,537.0,550.75,532.75,549.5,140615
2021-03-16 00:00:00-04:00,549.5,555.5,546.75,554.25,132710
2021-03-17 00:00:00-04:00,554.0,558.5,552.0,558.0,129647
2021-03-18 00:00:00-04:00,556.75,558.0,545.25,546.5,157912
2021-03-19 00:00:00-04:00,546.25,559.0,545.5,557.75,158521
2021-03-22 00:00:00-04:00,558.0,558.75,546.75,549.0,129296
2021-03-23 00:00:00-04:00,551.25,556.0,547.75,551.25,122094
2021-03-24 00:00:00-04:00,551.0,553.75,548.25,553.25,92011
2021-03-25 00:00:00-04:00,552.25,552.5,541.5,546.5,142181
2021-03-26 00:00:00-04:00,546.5,554.0,544.0,552.5,124031
2021-03-29 00:00:00-04:00,551.75,552.0,542.25,546.75,119797
2021-03-30 00:00:00-04:00,546.25,547.5,533.75,539.25,136033
2021-03-31 00:00:00-04:00,538.25,564.25,536.25,564.25,145896
2021-04-01 00:00:00-04:00,575.0,585.0,556.5,559.75,249753
2021-04-05 00:00:00-04:00,561.25,564.5,549.75,553.25,143679
2021-04-06 00:00:00-04:00,553.75,561.5,552.25,554.25,134848
2021-04-07 00:00:00-04:00,555.75,562.25,553.75,560.5,158002
2021-04-08 00:00:00-04:00,560.75,583.0,559.25,579.75,258786
2021-04-09 00:00:00-04:00,579.0,595.0,575.5,577.25,249738
2021-04-12 00:00:00-04:00,577.75,586.0,567.25,569.0,198642
2021-04-13 00:00:00-04:00,569.0,584.5,565.5,580.0,225715
2021-04-14 00:00:00-04:00,579.75,597.75,578.75,594.0,242724
2021-04-15 00:00:00-04:00,594.25,601.5,587.75,590.0,176855
2021-04-16 00:00:00-04:00,590.5,594.75,583.25,585.5,165261
2021-04-19 00:00:00-04:00,588.75,596.75,588.25,592.0,105991
2021-04-20 00:00:00-04:00,593.0,611.75,592.75,606.5,180193
2021-04-21 00:00:00-04:00,609.5,628.5,604.5,625.5,163261
2021-04-22 00:00:00-04:00,624.25,650.5,623.5,650.5,147251
2021-04-23 00:00:00-04:00,653.0,658.5,638.25,655.5,157732
2021-04-26 00:00:00-04:00,661.0,680.5,661.0,680.5,157505
2021-04-27 00:00:00-04:00,688.5,720.5,680.5,695.5,166136
2021-04-28 00:00:00-04:00,697.75,720.5,676.25,686.25,107987
2021-04-29 00:00:00-04:00,683.75,704.5,681.0,702.0,30786
2021-04-30 00:00:00-04:00,702.5,746.25,699.25,740.0,9862
2021-05-03 00:00:00-04:00,740.0,758.25,724.0,732.25,3094
2021-05-04 00:00:00-04:00,732.0,758.25,730.0,744.75,1827
2021-05-05 00:00:00-04:00,750.0,756.0,740.75,753.25,1778
2021-05-06 00:00:00-04:00,761.0,768.0,746.25,759.5,2419
2021-05-07 00:00:00-04:00,763.25,775.0,755.0,772.75,680
2021-05-10 00:00:00-04:00,766.75,770.5,744.75,748.0,814
2021-05-11 00:00:00-04:00,747.25,771.5,747.25,759.5,404
2021-05-12 00:00:00-04:00,764.25,769.25,750.0,757.5,328
2021-05-13 00:00:00-04:00,757.5,769.0,717.5,719.0,307
2021-05-14 00:00:00-04:00,717.25,718.75,685.0,685.0,313038
2021-05-17 00:00:00-04:00,642.25,656.75,633.0,652.5,185347
2021-05-18 00:00:00-04:00,653.5,669.5,652.5,658.25,161908
2021-05-19 00:00:00-04:00,660.5,663.0,637.0,658.25,136686
2021-05-20 00:00:00-04:00,662.25,671.25,656.5,664.5,119730
2021-05-21 00:00:00-04:00,664.75,666.75,653.5,659.5,109618
2021-05-24 00:00:00-04:00,652.25,658.5,645.5,657.25,106865
2021-05-25 00:00:00-04:00,660.0,661.75,617.25,620.25,211650
2021-05-26 00:00:00-04:00,621.0,629.0,602.75,624.5,182610
2021-05-27 00:00:00-04:00,626.0,664.5,621.25,664.5,160605
2021-05-28 00:00:00-04:00,666.25,672.75,651.25,656.75,150329
2021-06-01 00:00:00-04:00,666.0,696.75,660.75,688.75,163972
2021-06-02 00:00:00-04:00,683.25,694.25,666.0,675.0,163861
2021-06-03 00:00:00-04:00,675.5,685.0,652.75,662.0,166363
2021-06-04 00:00:00-04:00,663.5,685.75,660.75,682.75,142300
2021-06-07 00:00:00-04:00,695.0,706.25,674.5,679.25,254039
2021-06-08 00:00:00-04:00,682.0,698.0,677.5,680.0,224000
2021-06-09 00:00:00-04:00,682.5,695.5,669.5,690.75,214261
2021-06-10 00:00:00-04:00,691.0,717.5,687.75,699.0,256320
2021-06-11 00:00:00-04:00,699.5,703.0,673.0,684.5,233946
2021-06-14 00:00:00-04:00,675.75,676.25,653.0,659.25,159570
2021-06-15 00:00:00-04:00,662.75,668.5,646.75,667.5,176454
2021-06-16 00:00:00-04:00,670.0,687.75,663.75,673.0,169908
2021-06-17 00:00:00-04:00,672.75,674.25,633.0,633.0,192026
2021-06-18 00:00:00-04:00,631.0,663.5,629.5,655.25,184523
2021-06-21 00:00:00-04:00,640.25,665.0,636.0,659.25,127442
2021-06-22 00:00:00-04:00,662.75,668.0,653.75,659.75,145930
2021-06-23 00:00:00-04:00,660.5,666.25,659.25,664.25,127090
2021-06-24 00:00:00-04:00,664.0,664.0,650.75,653.25,143749
2021-06-25 00:00:00-04:00,653.25,659.5,634.0,636.5,123016
2021-06-28 00:00:00-04:00,637.75,676.5,636.75,675.5,83833
2021-06-29 00:00:00-04:00,678.25,700.0,668.0,694.5,58727
2021-06-30 00:00:00-04:00,694.0,743.25,675.5,720.0,18226
2021-07-01 00:00:00-04:00,719.75,744.5,712.25,719.75,4706
2021-07-02 00:00:00-04:00,720.0,727.0,683.0,697.25,4751
2021-07-06 00:00:00-04:00,685.25,685.25,645.5,656.0,1707
2021-07-07 00:00:00-04:00,656.0,666.0,645.0,652.5,590
2021-07-08 00:00:00-04:00,657.5,659.5,636.0,638.0,497
2021-07-09 00:00:00-04:00,640.75,643.5,620.0,629.75,530
2021-07-12 00:00:00-04:00,629.75,669.25,619.5,669.25,431
2021-07-13 00:00:00-04:00,669.5,750.5,664.0,677.0,329
2021-07-14 00:00:00-04:00,682.0,687.0,682.0,683.0,88996
2021-07-15 00:00:00-04:00,568.5,571.5,561.0,564.25,69356
2021-07-16 00:00:00-04:00,564.0,570.5,553.25,556.0,83019
2021-07-19 00:00:00-04:00,570.0,571.5,548.75,556.0,67343
2021-07-20 00:00:00-04:00,558.0,576.25,557.25,571.75,77004
2021-07-21 00:00:00-04:00,572.0,579.0,567.75,571.75,78998
2021-07-22 00:00:00-04:00,571.5,571.75,555.0,564.5,81023
2021-07-23 00:00:00-04:00,564.75,569.25,544.5,547.25,81447
2021-07-26 00:00:00-04:00,549.25,551.25,536.75,549.75,72948
2021-07-27 00:00:00-04:00,554.0,564.0,544.25,548.75,67236
2021-07-28 00:00:00-04:00,554.0,554.25,545.0,549.25,62378
2021-07-29 00:00:00-04:00,549.25,559.0,546.5,558.0,71556
2021-07-30 00:00:00-04:00,557.0,557.75,546.5,547.0,65198
2021-08-02 00:00:00-04:00,547.25,559.25,540.25,558.75,83836
2021-08-03 00:00:00-04:00,555.75,563.5,546.75,550.5,95208
2021-08-04 00:00:00-04:00,550.5,555.25,540.25,545.75,70049
2021-08-05 00:00:00-04:00,546.75,560.75,545.75,555.75,92967
2021-08-06 00:00:00-04:00,555.0,560.5,548.75,555.0,142762
2021-08-09 00:00:00-04:00,554.0,556.0,547.0,550.25,144339
2021-08-10 00:00:00-04:00,548.5,550.25,544.0,549.25,143634
2021-08-11 00:00:00-04:00,548.75,558.5,548.25,556.25,184260
2021-08-12 00:00:00-04:00,554.75,589.5,548.5,567.0,247372
2021-08-13 00:00:00-04:00,566.75,575.0,559.0,568.25,97466
2021-08-16 00:00:00-04:00,568.25,572.0,561.0,564.75,60693
2021-08-17 00:00:00-04:00,567.5,569.5,556.25,558.25,67739
2021-08-18 00:00:00-04:00,559.0,563.5,556.5,561.75,64048
2021-08-19 00:00:00-04:00,560.5,560.5,546.75,550.0,90493
2021-08-20 00:00:00-04:00,550.25,554.25,533.25,538.75,83003
2021-08-23 00:00:00-04:00,536.0,544.25,531.5,538.0,50271
2021-08-24 00:00:00-04:00,539.5,546.5,537.0,544.5,82653
2021-08-25 00:00:00-04:00,544.5,555.0,541.25,551.25,80083
2021-08-26 00:00:00-04:00,550.0,555.75,548.0,552.75,73859
2021-08-27 00:00:00-04:00,553.0,558.75,548.75,558.0,107357
2021-08-30 00:00:00-04:00,557.25,560.0,531.5,540.25,73569
2021-08-31 00:00:00-04:00,540.0,542.0,524.0,534.0,8135
2021-09-01 00:00:00-04:00,534.0,535.0,514.25,515.5,5192
2021-09-02 00:00:00-04:00,515.5,521.0,510.0,516.25,1319
2021-09-03 00:00:00-04:00,516.75,518.25,506.75,508.0,967
2021-09-07 00:00:00-04:00,509.0,509.0,495.75,495.75,734
2021-09-08 00:00:00-04:00,497.5,504.0,495.0,498.25,451
2021-09-09 00:00:00-04:00,498.5,500.0,494.5,496.0,164
2021-09-10 00:00:00-04:00,499.0,505.0,487.75,502.75,370
2021-09-13 00:00:00-04:00,503.5,503.5,493.0,496.75,313
2021-09-14 00:00:00-04:00,497.0,503.0,497.0,503.0,114271
2021-09-15 00:00:00-04:00,520.75,534.5,520.5,533.5,152827
2021-09-16 00:00:00-04:00,533.5,537.5,528.0,529.5,118905
2021-09-17 00:00:00-04:00,529.0,530.5,521.75,527.25,109533
2021-09-20 00:00:00-04:00,527.0,527.0,515.25,521.75,125356
2021-09-21 00:00:00-04:00,522.0,522.75,512.75,517.0,119145
2021-09-22 00:00:00-04:00,517.0,526.25,516.0,525.5,112326
2021-09-23 00:00:00-04:00,524.5,531.0,520.25,529.25,95990
2021-09-24 00:00:00-04:00,528.5,528.75,524.0,526.75,93098
2021-09-27 00:00:00-04:00,524.75,540.0,524.0,539.5,144946
2021-09-28 00:00:00-04:00,538.75,541.75,532.0,532.5,125830
2021-09-29 00:00:00-04:00,533.5,541.0,533.5,539.0,107220
2021-09-30 00:00:00-04:00,539.0,548.5,527.25,536.75,222135
2021-10-01 00:00:00-04:00,536.75,545.25,532.0,541.5,135599
2021-10-04 00:00:00-04:00,540.0,547.5,536.0,540.75,132923
2021-10-05 00:00:00-04:00,540.0,543.0,535.25,537.5,119598
2021-10-06 00:00:00-04:00,537.0,544.75,531.5,532.25,126943
2021-10-07 00:00:00-04:00,532.75,535.25,527.5,534.0,104997
2021-10-08 00:00:00-04:00,533.25,538.75,530.0,530.5,95481
2021-10-11 00:00:00-04:00,530.0,534.0,528.75,533.0,104166
2021-10-12 00:00:00-04:00,532.75,533.0,519.25,522.5,196596
2021-10-13 00:00:00-04:00,523.0,525.25,506.75,512.25,203330
2021-10-14 00:00:00-04:00,512.25,518.25,511.0,516.75,140335
2021-10-15 00:00:00-04:00,516.25,528.5,514.25,525.75,130243
2021-10-18 00:00:00-04:00,525.75,533.75,523.0,532.75,119583
2021-10-19 00:00:00-04:00,532.0,537.0,529.5,530.25,119081
2021-10-20 00:00:00-04:00,530.0,540.0,528.5,539.25,129884
2021-10-21 00:00:00-04:00,539.0,540.0,530.75,532.25,119388
2021-10-22 00:00:00-04:00,533.0,540.0,532.0,538.0,109345
2021-10-25 00:00:00-04:00,537.0,542.0,535.0,538.0,107050
2021-10-26 00:00:00-04:00,538.0,547.25,533.0,543.5,146995
2021-10-27 00:00:00-04:00,542.5,563.25,539.5,557.25,241141
2021-10-28 00:00:00-04:00,556.5,568.75,554.0,562.75,164258
2021-10-29 00:00:00-04:00,562.5,569.25,558.75,568.25,135195
2021-11-01 00:00:00-04:00,568.0,582.0,565.25,579.0,197409
2021-11-02 00:00:00-04:00,578.25,586.0,572.0,573.0,174067
2021-11-03 00:00:00-04:00,572.0,573.25,563.0,564.0,149892
2021-11-04 00:00:00-04:00,563.75,569.75,556.5,559.25,149483
2021-11-05 00:00:00-04:00,560.0,562.75,552.25,553.0,192123
2021-11-08 00:00:00-05:00,552.0,554.75,549.5,551.5,166976
2021-11-09 00:00:00-05:00,551.0,564.0,547.75,554.75,246899
2021-11-10 00:00:00-05:00,555.5,571.75,555.0,569.25,209267
2021-11-11 00:00:00-05:00,567.75,579.0,566.0,569.5,264523
2021-11-12 00:00:00-05:00,569.25,582.0,566.75,577.25,163539
2021-11-15 00:00:00-05:00,576.25,578.75,569.75,576.5,128056
2021-11-16 00:00:00-05:00,576.0,577.5,570.0,571.0,137344
2021-11-17 00:00:00-05:00,570.75,584.0,570.0,575.25,185381
2021-11-18 00:00:00-05:00,575.0,583.0,572.0,573.0,171416
2021-11-19 00:00:00-05:00,573.0,576.0,568.0,570.75,130524
2021-11-22 00:00:00-05:00,570.5,579.0,569.75,576.75,172298
2021-11-23 00:00:00-05:00,576.25,581.0,572.5,580.5,179297
2021-11-24 00:00:00-05:00,580.25,589.0,575.5,579.75,265928
2021-11-26 00:00:00-05:00,571.5,588.0,566.75,586.75,180220
2021-11-29 00:00:00-05:00,586.0,588.25,576.5,581.0,158234
2021-11-30 00:00:00-05:00,581.0,582.0,562.0,567.0,24986
2021-12-01 00:00:00-05:00,568.0,576.0,567.0,572.0,6270
2021-12-02 00:00:00-05:00,571.25,583.0,570.0,577.0,6237
2021-12-03 00:00:00-05:00,576.25,588.75,576.25,586.0,3442
2021-12-06 00:00:00-05:00,586.0,586.0,578.0,583.5,2208
2021-12-07 00:00:00-05:00,584.0,589.5,579.5,586.25,1887
2021-12-08 00:00:00-05:00,585.0,589.0,584.0,584.75,2372
2021-12-09 00:00:00-05:00,585.75,591.25,576.75,588.5,2082
2021-12-10 00:00:00-05:00,588.5,592.0,585.0,588.5,862
2021-12-13 00:00:00-05:00,587.5,588.0,580.75,584.25,927
2021-12-14 00:00:00-05:00,583.25,591.0,576.75,588.75,117292
2021-12-15 00:00:00-05:00,590.0,596.5,582.0,585.75,138521
2021-12-16 00:00:00-05:00,587.5,592.0,584.5,591.25,101262
2021-12-17 00:00:00-05:00,591.0,598.75,589.25,593.25,129569
2021-12-20 00:00:00-05:00,595.0,595.75,587.0,591.0,106042
2021-12-21 00:00:00-05:00,591.0,599.0,589.5,598.25,119312
2021-12-22 00:00:00-05:00,597.5,606.75,597.0,602.5,154966
2021-12-23 00:00:00-05:00,601.5,607.0,600.5,605.75,108565
2021-12-27 00:00:00-05:00,608.25,615.5,607.0,614.75,123211
2021-12-28 00:00:00-05:00,614.25,617.75,603.75,604.75,134208
2021-12-29 00:00:00-05:00,604.0,610.75,599.5,605.5,117570
2021-12-30 00:00:00-05:00,605.5,606.0,592.75,596.0,122776
2021-12-31 00:00:00-05:00,595.75,599.25,592.5,593.25,69868
2022-01-03 00:00:00-05:00,599.0,603.5,584.75,589.25,146023
2022-01-04 00:00:00-05:00,591.75,611.25,591.5,609.5,210268
2022-01-05 00:00:00-05:00,608.5,609.75,601.25,602.25,148499
2022-01-06 00:00:00-05:00,601.25,605.75,596.0,603.75,151442
2022-01-07 00:00:00-05:00,605.25,608.25,599.0,606.75,140371
2022-01-10 00:00:00-05:00,605.25,608.0,596.25,599.75,135265
2022-01-11 00:00:00-05:00,599.75,604.75,598.0,601.0,128305
2022-01-12 00:00:00-05:00,601.0,604.0,591.0,599.0,181633
2022-01-13 00:00:00-05:00,599.0,599.75,585.25,587.5,186546
2022-01-14 00:00:00-05:00,587.5,598.25,585.25,596.25,140634
2022-01-18 00:00:00-05:00,592.75,600.75,588.25,599.5,141742
2022-01-19 00:00:00-05:00,600.0,614.5,600.0,610.5,179943
2022-01-20 00:00:00-05:00,609.0,614.25,606.25,611.0,127683
2022-01-21 00:00:00-05:00,607.5,618.5,604.25,616.25,187471
2022-01-24 00:00:00-05:00,617.5,621.5,609.25,621.0,194809
2022-01-25 00:00:00-05:00,620.0,631.0,618.5,620.0,298396
2022-01-26 00:00:00-05:00,619.0,627.75,615.0,627.0,172723
2022-01-27 00:00:00-05:00,625.0,627.75,621.25,625.25,151696
2022-01-28 00:00:00-05:00,623.25,637.25,623.0,636.0,188658
2022-01-31 00:00:00-05:00,635.75,642.5,622.5,626.0,243891
2022-02-01 00:00:00-05:00,626.0,639.5,624.5,634.75,196298
2022-02-02 00:00:00-05:00,634.5,640.75,616.75,622.5,275662
2022-02-03 00:00:00-05:00,622.5,624.25,610.25,616.75,215871
2022-02-04 00:00:00-05:00,618.5,623.25,613.25,620.5,181430
2022-02-07 00:00:00-05:00,628.75,636.75,624.75,635.25,232607
2022-02-08 00:00:00-05:00,636.5,636.75,627.25,632.25,200583
2022-02-09 00:00:00-05:00,632.25,647.75,630.5,646.75,320406
2022-02-10 00:00:00-05:00,646.0,662.75,638.75,641.75,372991
2022-02-11 00:00:00-05:00,641.0,657.75,637.75,651.0,243969
2022-02-14 00:00:00-05:00,651.25,656.75,642.5,655.75,144923
2022-02-15 00:00:00-05:00,655.0,655.5,635.5,638.0,177958
2022-02-16 00:00:00-05:00,637.75,647.75,636.25,647.0,126554
2022-02-17 00:00:00-05:00,645.5,652.0,642.75,650.0,121279
2022-02-18 00:00:00-05:00,648.5,658.0,647.0,654.25,154047
2022-02-22 00:00:00-05:00,657.75,676.75,657.75,674.75,168824
2022-02-23 00:00:00-05:00,674.0,685.0,669.25,683.75,154730
2022-02-24 00:00:00-05:00,683.5,718.75,682.0,695.0,161611
2022-02-25 00:00:00-05:00,696.75,707.0,657.0,659.5,94802
2022-02-28 00:00:00-05:00,688.0,704.75,679.0,697.5,15651
2022-03-01 00:00:00-05:00,699.75,744.25,699.75,739.75,7258
2022-03-02 00:00:00-05:00,741.75,760.0,723.0,739.0,3350
2022-03-03 00:00:00-05:00,745.0,778.5,745.0,751.25,3447
2022-03-04 00:00:00-05:00,761.75,800.0,741.0,756.5,2186
2022-03-07 00:00:00-05:00,782.75,782.75,742.75,749.25,1309
2022-03-08 00:00:00-05:00,747.5,759.0,724.0,754.5,547
2022-03-09 00:00:00-05:00,756.25,757.25,734.0,735.0,188
2022-03-10 00:00:00-05:00,738.5,768.0,738.5,757.75,74
2022-03-11 00:00:00-05:00,758.0,768.5,755.0,764.5,233
2022-03-14 00:00:00-04:00,745.0,752.0,725.5,728.25,104100
2022-03-15 00:00:00-04:00,745.25,759.0,736.0,758.0,89348
2022-03-16 00:00:00-04:00,756.75,757.0,726.75,730.0,106537
2022-03-17 00:00:00-04:00,730.0,757.5,728.5,754.5,90267
2022-03-18 00:00:00-04:00,753.75,755.0,736.5,741.75,84411
2022-03-21 00:00:00-04:00,746.5,765.0,743.0,756.25,93775
2022-03-22 00:00:00-04:00,756.75,761.0,744.0,753.0,104191
2022-03-23 00:00:00-04:00,752.25,770.5,749.0,757.75,112399
2022-03-24 00:00:00-04:00,757.0,762.5,745.0,748.25,100951
2022-03-25 00:00:00-04:00,748.5,755.25,742.5,754.0,73846
2022-03-28 00:00:00-04:00,749.0,750.25,740.5,748.5,89177
2022-03-29 00:00:00-04:00,746.25,747.5,713.5,726.25,180171
2022-03-30 00:00:00-04:00,727.0,748.75,726.75,738.0,109719
2022-03-31 00:00:00-04:00,739.25,770.0,732.5,748.75,173737
2022-04-01 00:00:00-04:00,748.5,751.5,730.25,735.0,155927
2022-04-04 00:00:00-04:00,737.0,752.25,734.75,750.5,112649
2022-04-05 00:00:00-04:00,750.75,768.0,749.25,759.75,123890
2022-04-06 00:00:00-04:00,759.75,761.5,750.25,756.5,110915
2022-04-07 00:00:00-04:00,755.75,759.25,748.5,757.75,149456
2022-04-08 00:00:00-04:00,757.0,773.0,752.75,768.75,170872
2022-04-11 00:00:00-04:00,767.0,778.0,762.0,764.5,170234
2022-04-12 00:00:00-04:00,765.5,779.0,765.0,776.25,154266
2022-04-13 00:00:00-04:00,775.0,786.25,767.25,783.5,182922
2022-04-14 00:00:00-04:00,783.5,793.0,781.0,790.25,108878
2022-04-18 00:00:00-04:00,791.0,816.75,790.25,813.25,114979
2022-04-19 00:00:00-04:00,813.25,819.75,799.75,804.0,133531
2022-04-20 00:00:00-04:00,803.5,816.5,796.75,815.75,128911
2022-04-21 00:00:00-04:00,814.0,814.25,797.5,799.25,111004
2022-04-22 00:00:00-04:00,798.75,807.5,783.5,793.0,140795
2022-04-25 00:00:00-04:00,796.75,802.0,784.75,800.25,114116
2022-04-26 00:00:00-04:00,800.25,812.25,795.0,803.25,85308
2022-04-27 00:00:00-04:00,802.75,820.25,797.5,815.5,70673
2022-04-28 00:00:00-04:00,816.25,823.5,811.0,816.0,47633
2022-04-29 00:00:00-04:00,816.25,827.0,814.0,818.25,11143
2022-05-02 00:00:00-04:00,811.5,814.0,798.0,813.0,2848
2022-05-03 00:00:00-04:00,817.5,822.0,799.75,800.75,2214
2022-05-04 00:00:00-04:00,801.0,808.75,796.0,798.5,1267
2022-05-05 00:00:00-04:00,799.75,804.75,796.0,803.75,410
2022-05-06 00:00:00-04:00,800.0,800.0,784.25,792.25,1248
2022-05-09 00:00:00-04:00,792.25,792.25,782.0,784.5,745
2022-05-10 00:00:00-04:00,787.5,790.75,782.5,786.5,597
2022-05-11 00:00:00-04:00,788.0,802.75,788.0,802.25,653
2022-05-12 00:00:00-04:00,802.5,814.0,798.75,813.5,911
2022-05-13 00:00:00-04:00,808.0,808.0,794.5,794.5,113807
2022-05-16 00:00:00-04:00,795.0,810.25,792.75,809.5,138859
2022-05-17 00:00:00-04:00,808.0,809.25,797.25,800.75,98317
2022-05-18 00:00:00-04:00,800.75,802.25,778.0,781.5,120123
2022-05-19 00:00:00-04:00,782.0,789.75,773.25,783.25,106424
2022-05-20 00:00:00-04:00,781.25,782.0,774.5,778.75,88004
2022-05-23 00:00:00-04:00,780.25,788.0,774.5,786.25,88355
2022-05-24 00:00:00-04:00,785.0,787.0,762.0,771.75,147022
2022-05-25 00:00:00-04:00,770.0,773.0,755.0,772.25,127425
2022-05-26 00:00:00-04:00,762.75,772.5,757.5,765.0,104920
2022-05-27 00:00:00-04:00,765.0,780.5,761.0,777.25,101090
2022-05-31 00:00:00-04:00,777.0,777.25,747.25,753.5,175461
2022-06-01 00:00:00-04:00,753.75,756.25,720.5,731.25,210389
2022-06-02 00:00:00-04:00,731.25,739.25,726.25,730.25,127143
2022-06-03 00:00:00-04:00,730.25,736.0,725.75,727.0,105542
2022-06-06 00:00:00-04:00,732.25,744.25,731.5,742.5,131922
2022-06-07 00:00:00-04:00,739.0,765.0,735.0,757.0,227575
2022-06-08 00:00:00-04:00,757.0,774.0,756.0,764.5,223848
2022-06-09 00:00:00-04:00,764.5,782.75,758.0,773.0,226325
2022-06-10 00:00:00-04:00,772.25,781.0,765.75,773.25,156100
2022-06-13 00:00:00-04:00,781.0,782.25,758.5,769.25,170044
2022-06-14 00:00:00-04:00,765.75,771.0,759.0,768.25,125798
2022-06-15 00:00:00-04:00,767.0,779.75,762.0,774.0,105906
2022-06-16 00:00:00-04:00,774.0,792.0,773.0,788.25,121542
2022-06-17 00:00:00-04:00,787.5,800.0,782.25,784.5,116061
2022-06-21 00:00:00-04:00,777.5,778.25,752.25,760.75,192144
2022-06-22 00:00:00-04:00,762.0,770.5,754.5,768.0,167778
2022-06-23 00:00:00-04:00,767.25,767.25,734.5,746.75,215839
2022-06-24 00:00:00-04:00,745.0,762.25,735.0,750.25,155989
2022-06-27 00:00:00-04:00,740.0,746.25,731.0,744.25,121830
2022-06-28 00:00:00-04:00,747.5,762.75,744.25,759.5,86035
2022-06-29 00:00:00-04:00,758.25,780.0,755.5,770.25,63702
2022-06-30 00:00:00-04:00,770.0,775.25,742.25,743.75,14477
2022-07-01 00:00:00-04:00,748.0,760.0,743.75,754.5,5489
2022-07-05 00:00:00-04:00,750.25,765.0,726.0,736.0,3775
2022-07-06 00:00:00-04:00,746.0,761.0,726.0,744.25,2703
2022-07-07 00:00:00-04:00,749.5,763.5,740.0,747.0,784
2022-07-08 00:00:00-04:00,750.75,781.0,744.0,778.25,1438
2022-07-11 00:00:00-04:00,783.25,800.0,780.75,781.25,1344
2022-07-12 00:00:00-04:00,781.0,785.25,732.0,732.75,1320
2022-07-13 00:00:00-04:00,726.0,756.5,725.0,740.0,485
2022-07-14 00:00:00-04:00,738.25,746.5,694.0,695.0,102346
2022-07-15 00:00:00-04:00,606.75,612.0,596.0,604.25,81572
2022-07-18 00:00:00-04:00,610.75,623.5,601.5,612.25,75978
2022-07-19 00:00:00-04:00,610.5,611.0,585.75,596.75,94156
2022-07-20 00:00:00-04:00,595.5,600.5,589.0,592.25,76176
2022-07-21 00:00:00-04:00,592.75,593.5,572.75,575.75,76755
2022-07-22 00:00:00-04:00,575.0,582.75,561.5,564.25,95957
2022-07-25 00:00:00-04:00,574.25,580.75,566.25,580.0,103447
2022-07-26 00:00:00-04:00,587.75,599.75,586.25,597.0,95701
2022-07-27 00:00:00-04:00,597.0,604.25,591.75,600.25,80955
2022-07-28 00:00:00-04:00,603.75,618.0,601.25,615.0,72681
2022-07-29 00:00:00-04:00,615.0,632.0,611.5,616.25,99164
2022-08-01 00:00:00-04:00,619.75,621.5,594.25,607.0,91871
2022-08-02 00:00:00-04:00,604.0,605.25,589.25,591.25,107008
2022-08-03 00:00:00-04:00,587.0,597.0,583.0,591.5,101905
2022-08-04 00:00:00-04:00,591.5,607.0,585.75,602.25,83780
2022-08-05 00:00:00-04:00,602.0,614.0,597.0,610.25,125020
2022-08-08 00:00:00-04:00,603.0,616.0,601.75,608.5,155070
2022-08-09 00:00:00-04:00,614.5,626.0,613.5,615.5,142242
2022-08-10 00:00:00-04:00,615.0,632.5,613.0,621.25,134330
2022-08-11 00:00:00-04:00,621.0,630.75,618.75,629.25,112043
2022-08-12 00:00:00-04:00,629.25,640.5,616.0,639.75,98631
2022-08-15 00:00:00-04:00,630.5,635.25,616.5,626.75,56712
2022-08-16 00:00:00-04:00,624.0,628.25,608.0,611.0,67190
2022-08-17 00:00:00-04:00,611.0,618.5,608.0,615.0,49240
2022-08-18 00:00:00-04:00,615.0,624.0,608.25,619.75,52153
2022-08-19 00:00:00-04:00,619.0,627.75,616.0,626.0,51219
2022-08-22 00:00:00-04:00,622.75,635.25,618.0,633.5,67378
2022-08-23 00:00:00-04:00,637.0,666.75,635.75,660.0,95345
2022-08-24 00:00:00-04:00,659.75,675.5,655.75,665.75,76015
2022-08-25 00:00:00-04:00,665.0,674.25,656.75,657.5,78316
2022-08-26 00:00:00-04:00,657.0,671.0,654.75,668.75,75544
2022-08-29 00:00:00-04:00,675.0,684.25,668.5,683.75,86635
2022-08-30 00:00:00-04:00,681.25,682.75,671.25,679.75,48457
2022-08-31 00:00:00-04:00,680.75,683.0,664.25,673.75,7831
2022-09-01 00:00:00-04:00,671.0,673.75,655.0,658.25,9013
2022-09-02 00:00:00-04:00,657.0,671.0,656.75,669.0,2137
2022-09-06 00:00:00-04:00,670.75,682.0,667.5,680.75,1289
2022-09-07 00:00:00-04:00,678.5,690.0,675.25,676.75,1269
2022-09-08 00:00:00-04:00,676.75,679.5,666.5,674.5,1219
2022-09-09 00:00:00-04:00,678.75,700.5,678.75,698.5,1439
2022-09-12 00:00:00-04:00,690.25,721.5,689.0,712.25,1332
2022-09-13 00:00:00-04:00,721.25,725.0,709.0,709.0,607
2022-09-14 00:00:00-04:00,709.0,709.0,709.0,709.0,117138
2022-09-15 00:00:00-04:00,681.75,690.0,676.25,677.5,111789
2022-09-16 00:00:00-04:00,676.25,680.5,667.5,677.25,121327
2022-09-19 00:00:00-04:00,675.75,680.0,668.25,678.25,96685
2022-09-20 00:00:00-04:00,677.75,693.5,677.5,692.0,123234
2022-09-21 00:00:00-04:00,692.0,698.5,679.25,685.5,127215
2022-09-22 00:00:00-04:00,683.5,691.0,681.5,688.25,97065
2022-09-23 00:00:00-04:00,687.0,688.0,669.5,676.75,154393
2022-09-26 00:00:00-04:00,673.25,679.0,665.5,666.25,140725
2022-09-27 00:00:00-04:00,666.25,678.0,666.25,667.5,163167
2022-09-28 00:00:00-04:00,668.25,673.25,661.5,670.5,137430
2022-09-29 00:00:00-04:00,670.5,676.75,666.0,669.5,139450
2022-09-30 00:00:00-04:00,669.5,696.25,669.25,677.5,253847
2022-10-03 00:00:00-04:00,680.0,687.5,672.5,680.75,132393
2022-10-04 00:00:00-04:00,680.75,691.5,676.5,683.0,119212
2022-10-05 00:00:00-04:00,683.0,687.5,675.75,684.0,114315
2022-10-06 00:00:00-04:00,683.75,685.75,672.0,675.5,128778
2022-10-07 00:00:00-04:00,675.5,684.5,671.5,683.25,113581
2022-10-10 00:00:00-04:00,683.75,706.5,683.5,698.25,201817
2022-10-11 00:00:00-04:00,697.0,702.0,690.75,693.0,140432
2022-10-12 00:00:00-04:00,693.25,700.0,680.0,693.0,180209
2022-10-13 00:00:00-04:00,692.25,699.5,684.0,697.75,167244
2022-10-14 00:00:00-04:00,697.0,699.5,688.5,689.75,108816
2022-10-17 00:00:00-04:00,689.0,692.25,681.25,683.5,106164
2022-10-18 00:00:00-04:00,683.0,683.75,674.5,681.0,147455
2022-10-19 00:00:00-04:00,681.0,684.5,674.0,678.25,112233
2022-10-20 00:00:00-04:00,678.0,687.0,676.75,684.0,134819
2022-10-21 00:00:00-04:00,683.5,688.0,677.75,684.25,109021
2022-10-24 00:00:00-04:00,682.25,686.5,677.25,681.5,119463
2022-10-25 00:00:00-04:00,681.5,687.5,677.75,686.25,116661
2022-10-26 00:00:00-04:00,684.25,689.75,683.25,685.0,106226
2022-10-27 00:00:00-04:00,685.0,689.25,679.25,682.25,112300
2022-10-28 00:00:00-04:00,681.25,683.75,676.25,680.75,115074
2022-10-31 00:00:00-04:00,696.5,700.0,684.25,691.5,226696
2022-11-01 00:00:00-04:00,689.0,698.5,687.25,697.75,146466
2022-11-02 00:00:00-04:00,696.5,697.25,680.0,687.5,168334
2022-11-03 00:00:00-04:00,686.0,686.5,678.5,679.25,123352
2022-11-04 00:00:00-04:00,679.25,685.25,678.5,681.0,112564
2022-11-07 00:00:00-05:00,679.0,680.75,675.25,675.75,162563
2022-11-08 00:00:00-05:00,675.75,677.0,666.25,667.5,227158
2022-11-09 00:00:00-05:00,667.0,671.75,658.0,664.5,246968
2022-11-10 00:00:00-05:00,664.5,667.25,652.75,653.25,229081
2022-11-11 00:00:00-05:00,653.75,661.0,653.5,658.0,233358
2022-11-14 00:00:00-05:00,657.0,662.0,652.25,657.25,181567
2022-11-15 00:00:00-05:00,657.0,675.0,651.25,666.75,234097
2022-11-16 00:00:00-05:00,665.25,666.0,657.5,665.25,121435
2022-11-17 00:00:00-05:00,665.0,668.25,654.75,667.5,138561
2022-11-18 00:00:00-05:00,667.5,672.75,665.25,667.75,131275
2022-11-21 00:00:00-05:00,666.5,666.75,657.25,659.5,143717
2022-11-22 00:00:00-05:00,659.5,663.0,656.25,656.75,107549
2022-11-23 00:00:00-05:00,657.75,663.75,655.75,663.25,104569
2022-11-25 00:00:00-05:00,661.25,669.75,661.0,668.0,71244
2022-11-28 00:00:00-05:00,665.0,670.0,661.0,668.75,149233
2022-11-29 00:00:00-05:00,667.5,671.25,665.25,665.75,110381
2022-11-30 00:00:00-05:00,665.75,667.0,660.0,662.0,18198
2022-12-01 00:00:00-05:00,661.75,663.75,647.0,650.0,8565
2022-12-02 00:00:00-05:00,650.25,650.25,629.0,635.0,5678
2022-12-05 00:00:00-05:00,635.5,638.25,625.5,628.75,762
2022-12-06 00:00:00-05:00,630.75,635.5,623.0,625.5,512
2022-12-07 00:00:00-05:00,626.5,632.5,624.0,627.75,662
2022-12-08 00:00:00-05:00,628.0,632.5,626.0,632.0,425
2022-12-09 00:00:00-05:00,631.5,639.75,631.5,634.75,453
2022-12-12 00:00:00-05:00,634.5,644.5,634.5,641.25,263
2022-12-13 00:00:00-05:00,642.5,650.5,639.25,643.75,184
2022-12-14 00:00:00-05:00,644.25,644.25,639.0,639.0,92295
2022-12-15 00:00:00-05:00,650.25,654.25,647.75,653.5,93735
2022-12-16 00:00:00-05:00,653.5,655.75,650.0,653.0,66395
2022-12-19 00:00:00-05:00,650.5,650.75,644.0,647.25,83168
2022-12-20 00:00:00-05:00,647.75,654.25,646.75,652.0,91464
2022-12-21 00:00:00-05:00,651.5,663.0,651.0,662.25,125592
2022-12-22 00:00:00-05:00,662.0,664.75,658.75,660.5,79924
2022-12-23 00:00:00-05:00,659.5,667.75,659.25,666.25,94496
2022-12-27 00:00:00-05:00,669.0,675.75,667.25,674.75,123172
2022-12-28 00:00:00-05:00,673.25,683.5,672.75,682.75,122193
2022-12-29 00:00:00-05:00,681.75,682.25,677.25,679.5,104937
2022-12-30 00:00:00-05:00,679.5,685.0,676.5,678.5,90321
2023-01-03 00:00:00-05:00,677.25,681.25,668.0,670.5,155538
2023-01-04 00:00:00-05:00,670.75,671.75,652.5,653.75,175762
2023-01-05 00:00:00-05:00,654.5,657.75,648.5,652.75,138833
2023-01-06 00:00:00-05:00,653.75,659.5,651.75,654.0,114158
2023-01-09 00:00:00-05:00,655.5,657.0,650.75,652.75,112236
2023-01-10 00:00:00-05:00,651.75,664.0,648.25,655.0,181158
2023-01-11 00:00:00-05:00,654.5,659.0,652.75,656.0,181158
2023-01-12 00:00:00-05:00,656.0,673.5,649.25,669.75,184713
